Date,Name,Year,Letterboxd URI,Rating,Rewatch,Tags,Watched Date
2025-04-12,22 Jump Street,2014,https://boxd.it/9nUb0n,3.5,,"2010s, theater",2014-06-12
2025-04-12,22 Jump Street,2014,https://boxd.it/9nUbmX,3.5,Yes,theater,2014-06-14
2025-04-12,The Truman Show,1998,https://boxd.it/9nTDlh,4.5,,90s,2016-09-01
2025-04-12,Vice,2018,https://boxd.it/9nU8oV,3.5,,"2010s, good acting, w/ dad, i love my dad, theater",2018-12-27
2025-04-12,Avengers: Endgame,2019,https://boxd.it/9nU5SX,3,,"2010s, w/ dad, w/ henry, w/ mom, w/ emily, theater",2019-04-28
2025-04-12,HOMECOMING: A film by Beyoncé,2019,https://boxd.it/9nTAPj,,,"2010s, so much fun, nostalgic <3",2019-10-01
2025-04-12,Little Women,2019,https://boxd.it/9nU4bN,5,,"2010s, female director, female writer, beautiful, good acting, good dialogue, incredible performance, nostalgic <3, feeling seen, good for her, something wellesley this way comes, halloween vibes, best costume design winner, theater",2020-01-22
2025-04-12,Spider-Man: No Way Home,2021,https://boxd.it/9nU1If,3,,"2020s, theater",2021-12-31
2025-04-12,Doctor Strange in the Multiverse of Madness,2022,https://boxd.it/9nU0OB,2.5,,"2020s, theater",2022-05-08
2025-04-12,Top Gun: Maverick,2022,https://boxd.it/9nTZGL,4,,"2020s, w/ mom, w/ dad, w/ emily, w/ henry, good cinematography, good soundtrack, nostalgic <3, theater",2022-06-12
2025-04-12,Barbie,2023,https://boxd.it/9nTWll,4,,"2020s, w/ emily, w/ henry, good styling, so much fun, beautiful, female writer, female director, good soundtrack, hey that's the name of the movie, something wellesley this way comes, theater",2023-07-19
2025-04-12,Barbie,2023,https://boxd.it/9nTXaX,4,Yes,"w/ dad, theater",2023-07-31
2025-08-03,Oppenheimer,2023,https://boxd.it/aAq1Pv,4.5,,"2020s, best picture winner, best director winner, best actor winner, best supporting actor winner, best cinematography winner, best score winner, best editing winner, good cinematography, beautiful, good acting, incredible performance, w/ dad, w/ henry, w/ garrett, 70 mm, theater, alamo drafthouse",2023-08-13
2025-04-12,Napoleon,2023,https://boxd.it/9nTHER,3,,"2020s, w/ dad, alamo drafthouse, theater",2023-11-25
2025-04-12,Poor Things,2023,https://boxd.it/9nTFSH,4.5,,"2020s, smoke a j first, incredible performance, best actress winner, w/ emily r, alamo drafthouse, good styling, good acting, beautiful, best costume design winner, theater, best makeup/hair styling winner",2023-12-22
2023-12-27,Easy A,2010,https://boxd.it/5puE1N,4,,"good styling, good dialogue, so much fun, good soundtrack, nostalgic <3",2023-12-26
2025-04-12,Twilight,2008,https://boxd.it/9nTL99,3.5,,"2000s, w/ mom, w/ emily, alamo drafthouse, '05 - '15",2023-12-27
2024-01-04,Bottoms,2023,https://boxd.it/5urWPF,5,Yes,"w/ emily r, good dialogue, good styling, so much fun, good soundtrack, feeling seen, good score, female director, something wellesley this way comes, female writer",2024-01-01
2025-04-12,Dune: Part Two,2024,https://boxd.it/9nTTLl,5,,"2020s, imax, metreon, w/ mom, w/ dad, w/ emily, w/ henry, good styling, good acting, beautiful, good cinematography, smoke a j first, good score, theater, best sound winner",2024-03-02
2025-04-12,Monty Python and the Holy Grail,1975,https://boxd.it/9nTMPP,4,,"70s, w/ mom, w/ dad, w/ emily, w/ henry, alamo drafthouse, smoke a j first",2024-03-22
2025-04-12,The Twilight Saga: Breaking Dawn – Part 1,2011,https://boxd.it/9nTNUr,3,,"2010s, w/ mom, alamo drafthouse, theater",2024-04-10
2024-10-16,Uglies,2024,https://boxd.it/7zatRp,0.5,,,2024-09-13
2024-10-16,Batman,1989,https://boxd.it/7zatsf,3.5,,"w/ dad, smoke a j first, so much fun, 80s, camp, '85 - '95, best production design winner",2024-09-25
2024-10-16,Batman Returns,1992,https://boxd.it/7zatbj,2.5,,"w/ dad, 90s, camp, so much fun, smoke a j first, '85 - '95",2024-09-27
2024-10-14,Ocean's Eleven,2001,https://boxd.it/7xTPcP,3.5,Yes,"w/ dad, good styling, so much fun, nostalgic <3, 2000s, heist movie, '95 - '05",2024-10-11
2024-10-14,Raising Arizona,1987,https://boxd.it/7y81Ad,5,,"w/ dad, good dialogue, good styling, so much fun, good soundtrack, good editing, good acting, good cinematography, incredible performance, beautiful, 80s, coen brothers, '85 - '95",2024-10-13
2024-10-16,Zoolander,2001,https://boxd.it/7zas7F,3.5,Yes,"w/ dad, 2000s, camp, '95 - '05",2024-10-15
2024-10-20,Bottoms,2023,https://boxd.it/7ALCpn,5,Yes,"w/ dad, w/ emily, 2020s, female director, cunt classic, female writer",2024-10-18
2024-10-26,Practical Magic,1998,https://boxd.it/7E9izH,3,,"good styling, nostalgic <3, halloween vibes, i love my mom, 90s, malleus maleficarum, female writer, something wellesley this way comes, massholes",2024-10-26
2024-10-27,The Cabin in the Woods,2011,https://boxd.it/7EGRlh,3.5,,"so much fun, smoke a j first, good styling, 2010s, directorial debut, gay halloween, camp, cunt classic, halloween vibes",2024-10-26
2024-11-01,Bodies Bodies Bodies,2022,https://boxd.it/7Hlhz3,4.5,,"2020s, so much fun, smoke a j first, female director, female writer, good dialogue, camp, halloween vibes, something wellesley this way comes",2024-10-31
2024-11-05,Kath & Kimderella,2012,https://boxd.it/7JCoZz,3,,"2010s, so much fun, !american",2024-11-04
2024-11-07,Madame Web,2024,https://boxd.it/7Ks8GP,0.5,,"female director, so much fun, 2020s, camp, nyc",2024-11-06
2024-11-08,Jennifer's Body,2009,https://boxd.it/7KSLyH,4.5,,"so much fun, good styling, good dialogue, beautiful, good acting, good soundtrack, they matched each other's freak, 2000s, halloween vibes, gay halloween, feeling seen, good for her, female director, something wellesley this way comes, '05 - '15, fabulous title card",2024-11-07
2024-11-12,Pitch Perfect,2012,https://boxd.it/7N7Q7T,4,Yes,"w/ hunter, 2010s, female writer, so much fun, good styling",2024-11-11
2024-11-16,Easy A,2010,https://boxd.it/7OSQcx,4,Yes,2010s,2024-11-15
2024-11-23,The Wizard of Oz,1939,https://boxd.it/7SnfYX,,Yes,"w/ hunter, w/ mom, w/ dad, 30s, best picture winner, national film registry, female writer, technicolor, musical",2024-11-22
2024-11-26,Wicked,2024,https://boxd.it/7U8daJ,3.5,,"w/ emily r, w/ jill, so much fun, idk how to rate this, good acting, 2020s, malleus maleficarum, female writer, theater, musical, best costume design winner, best production design winner, fabulous title card",2024-11-25
2024-11-29,Bodies Bodies Bodies,2022,https://boxd.it/7VqPs7,4.5,Yes,"w/ dad, w/ mom, w/ emily, a24, good dialogue, so much fun, good soundtrack, 2020s, female director, female writer, profile",2024-11-27
2024-12-08,Conclave,2024,https://boxd.it/801ftt,4,,"w/ dad, w/ mom, good acting, good cinematography, beautiful, 2020s, best screenplay winner",2024-12-07
2024-12-09,The Invisible Man,2020,https://boxd.it/80nF1z,4,,"bay area mentioned, 2020s",2024-12-07
2024-12-14,Super Dark Times,2017,https://boxd.it/82EXdP,4,,"good acting, halloween vibes, needs a rewatch, 2010s, woad",2024-12-12
2024-12-19,The Lost Boys,1987,https://boxd.it/85qjT1,2,,"w/ dad, w/ mom, w/ emily, good styling, 80s, female writer, vampires, '85 - '95",2024-12-17
2024-12-23,Uglies,2024,https://boxd.it/87NZ65,1.5,Yes,"w/ olivia, w/ briana, 2020s, camp, boots the house diva fierciosity",2024-12-22
2024-12-27,Da Kath & Kim Code,2005,https://boxd.it/8brs7V,4,Yes,"2000s, so much fun, smoke a j first, !american, '05 - '15, '95 - '05",2024-12-25
2025-01-03,Trap,2024,https://boxd.it/8i1qm1,3.5,,"2020s, so much fun, smoke a j first, good cinematography, halloween vibes, i love my dad, that's a girldad, one day",2025-01-02
2025-01-07,Mean Girls,2004,https://boxd.it/8m9xEt,5,Yes,"w/ dad, good styling, so much fun, good dialogue, good soundtrack, nostalgic <3, feeling seen, 2000s, cunt classic, female writer, '95 - '05",2025-01-06
2025-01-08,Dirty Harry,1971,https://boxd.it/8n18Wv,3,,"w/ dad, good styling, bay area mentioned, 70s, national film registry, female writer, cops",2025-01-07
2025-01-09,The Maltese Falcon,1941,https://boxd.it/8o1BvH,3.5,,"w/ dad, idk how to rate this, good styling, bay area mentioned, 40s, directorial debut",2025-01-08
2025-01-10,Serpico,1973,https://boxd.it/8oYFYh,4,,"w/ dad, good styling, incredible performance, beautiful, 70s, cops, nyc",2025-01-09
2025-01-11,Wallace & Gromit: Vengeance Most Fowl,2024,https://boxd.it/8q9uQx,4,,"so much fun, 2020s, beautiful, nostalgic <3, !american",2025-01-10
2025-01-12,Women on the Verge of a Nervous Breakdown,1988,https://boxd.it/8qRTBP,5,,"good styling, so much fun, they matched each other's freak, beautiful, needs a rewatch, good for her, topstats, top2025, good cinematography, 80s, criterion collection, !american, !in english, something wellesley this way comes, '85 - '95, one day",2025-01-11
2025-01-12,DOA: Dead or Alive,2006,https://boxd.it/8rgG8P,2,,"2000s, camp, '05 - '15",2025-01-11
2025-01-13,The Substance,2024,https://boxd.it/8smi4l,,,"idk how to rate this, 2020s, needs a rewatch, female director, female writer, too gross, best makeup/hair styling winner",2025-01-12
2025-01-13,2 Fast 2 Furious,2003,https://boxd.it/8stGDt,2,Yes,"w/ dad, w/ henry, 2000s, camp, heist movie, '95 - '05",2025-01-12
2025-01-14,Babygirl,2024,https://boxd.it/8t3uO7,3.5,,"good soundtrack, alamo drafthouse, a24, 2020s, female director, female writer, theater, nyc",2025-01-13
2025-01-16,Emilia Pérez,2024,https://boxd.it/8uyOZl,1.5,,"2020s, !american, !in english, best supporting actress winner",2025-01-15
2025-01-17,Dune,1984,https://boxd.it/8vnXTD,3,,"80s, so much fun, smoke a j first",2025-01-16
2025-01-21,Mulholland Drive,2001,https://boxd.it/8yKCsf,5,,"w/ dad, idk how to rate this, good dialogue, good soundtrack, good acting, good cinematography, smoke a j first, beautiful, good editing, feeling seen, incredible performance, they matched each other's freak, good for her, topstats, needs a rewatch, top2025, 2000s, criterion collection, janus films, surrealism, '95 - '05, movie about making movies",2025-01-20
2025-01-22,Harry Potter and the Philosopher's Stone,2001,https://boxd.it/8zqxeL,,Yes,"w/ dad, w/ mom, idk how to rate this, 2000s, malleus maleficarum, '95 - '05",2025-01-21
2025-01-23,The Stepford Wives,2004,https://boxd.it/8zXVpJ,3.5,,"beautiful, nostalgic <3, gay halloween, halloween vibes, 2000s, camp, '95 - '05",2025-01-22
2025-01-24,Challengers,2024,https://boxd.it/8Azaeb,4.5,Yes,"good styling, good soundtrack, good cinematography, good score, good dialogue, good editing, so much fun, they matched each other's freak, 2020s",2025-01-23
2025-01-24,Daisies,1966,https://boxd.it/8ALi2L,4,,"topstats, smoke a j first, so much fun, feeling seen, gay halloween, idk how to rate this, they matched each other's freak, 60s, criterion collection, janus films, female director, !american, !in english, female writer, surrealism",2025-01-23
2025-01-25,Hot Fuzz,2007,https://boxd.it/8BCfYD,5,Yes,"w/ emily r, so much fun, good editing, good dialogue, 2000s, bechdel fail, !american, '05 - '15, cops",2025-01-24
2025-01-26,Smiley Face,2007,https://boxd.it/8CmPGx,3,,"incredible performance, good editing, good score, smoke a j first, good dialogue, feeling seen, gay halloween, 2000s, '05 - '15, one day",2025-01-25
2025-01-27,Zola,2020,https://boxd.it/8DqtIN,4,,"good dialogue, good soundtrack, good score, a24, good cinematography, good acting, topstats, top2025, 2020s, female director, cunt classic",2025-01-26
2025-01-28,The Stepford Wives,1975,https://boxd.it/8DT0SR,3.5,,"good styling, idk how to rate this, 70s",2025-01-27
2025-01-28,Eraserhead,1977,https://boxd.it/8E98td,4,,"idk how to rate this, 70s, national film registry, w/ dad, w/ mom, good editing, incredible performance, criterion collection, janus films, surrealism, b&w, directorial debut, bechdel fail",2025-01-27
2025-01-29,I'm Still Here,2024,https://boxd.it/8EHu3f,5,,"i love my mom, w/ mom, good dialogue, good soundtrack, good editing, good cinematography, good acting, incredible performance, brasil, top2025, 2020s, !american, !in english, theater, best foreign language film winner",2025-01-28
2025-01-29,Scream,1996,https://boxd.it/8EQSKF,4.5,,"good styling, good dialogue, so much fun, good acting, topstats, 90s, cunt classic, camp",2025-01-28
2025-01-30,Scooby-Doo,2002,https://boxd.it/8FxZSn,3,Yes,"good styling, so much fun, smoke a j first, nostalgic <3, frankie core, 2000s, '95 - '05, profile",2025-01-29
2025-01-31,Megalopolis,2024,https://boxd.it/8Gc1qZ,2,,"idk how to rate this, smoke a j first, w/ zubin, 2020s",2025-01-30
2025-02-02,Dr. Strangelove or: How I Learned to Stop Worrying and Love the Bomb,1964,https://boxd.it/8HH8Zj,4.5,,"w/ dad, good dialogue, good editing, good acting, good cinematography, every frame a painting, 60s, national film registry, criterion collection, b&w, one day",2025-02-01
2025-02-04,Madame Web,2024,https://boxd.it/8JcNTd,1,Yes,"w/ emily, 2020s, female director, female writer, superheroes",2025-02-03
2025-02-05,Jennifer's Body,2009,https://boxd.it/8JQbVZ,4.5,Yes,"good styling, so much fun, good soundtrack, incredible performance, good for her, 2000s, female director, cunt classic, female writer",2025-02-04
2025-02-06,Lisa Frankenstein,2024,https://boxd.it/8Kh8d5,3.5,,"so much fun, feeling seen, halloween vibes, they matched each other's freak, good for her, 2020s, female director, camp, zombies",2025-02-05
2025-02-06,Delicatessen,1991,https://boxd.it/8KpwsJ,3.5,,"idk how to rate this, smoke a j first, beautiful, they matched each other's freak, w/ mom, 90s, !american, !in english, surrealism, '85 - '95",2025-02-05
2025-02-07,Companion,2025,https://boxd.it/8KMmjt,4,,"good dialogue, good cinematography, beautiful, good score, good for her, 2020s, theater, fabulous title card",2025-02-06
2025-02-08,Dazed and Confused,1993,https://boxd.it/8LAwb5,4,,"w/ dad, good styling, good dialogue, good soundtrack, good cinematography, beautiful, smoke a j first, w/ mom, i love my mom, i love my dad, 90s, criterion collection, '85 - '95, one day",2025-02-07
2025-02-09,Parasite,2019,https://boxd.it/8McES3,5,Yes,"w/ briana, w/ emily r, imax, metreon, good acting, good cinematography, beautiful, good editing, good score, neon, 2010s, best picture winner, best director winner, criterion collection, !american, !in english, female writer, theater, best foreign language film winner, best screenplay winner, palme d'or winner",2025-02-08
2025-02-12,Marie Antoinette,2006,https://boxd.it/8OdzjH,4,,"good styling, good soundtrack, good cinematography, beautiful, smoke a j first, every frame a painting, 2000s, best costume design winner, female director, cunt classic, female writer, '05 - '15, eighteenth century",2025-02-11
2025-02-13,Spider-Man,2002,https://boxd.it/8OFggv,3.5,,"so much fun, smoke a j first, nostalgic <3, 2000s, bechdel fail, superheroes, '95 - '05, nyc",2025-02-12
2025-02-13,Y2K,2024,https://boxd.it/8OREGL,2,,"smoke a j first, halloween vibes, a24, 2020s",2025-02-12
2025-02-14,Austin Powers: The Spy Who Shagged Me,1999,https://boxd.it/8Pbeaf,3.5,Yes,"good styling, so much fun, good soundtrack, smoke a j first, nostalgic <3, they matched each other's freak, frankie core, gay halloween, 90s, camp, spy movie",2025-02-13
2025-02-14,Anora,2024,https://boxd.it/8PqM1B,3,,"neon, good acting, good editing, incredible performance, 2020s, best actress winner, best screenplay winner, best director winner, best picture winner, criterion collection, palme d'or winner, nyc",2025-02-13
2025-02-15,Saltburn,2023,https://boxd.it/8Q3y8h,2.5,,"good styling, beautiful, good cinematography, 2020s, female director, female writer, fabulous title card",2025-02-14
2025-02-16,Tropic Thunder,2008,https://boxd.it/8QSewb,3.5,,"w/ dad, so much fun, good dialogue, smoke a j first, i love my dad, good acting, 2000s, director's cut, '05 - '15, movie about making movies",2025-02-15
2025-02-17,Warm Bodies,2013,https://boxd.it/8RGXap,2.5,,"they matched each other's freak, gay halloween, nostalgic <3, 2010s, zombies",2025-02-16
2025-02-19,Holy Motors,2012,https://boxd.it/8SZlK7,4.5,,"smoke a j first, good acting, good cinematography, incredible performance, top2025, needs a rewatch, 2010s, !american, !in english, surrealism",2025-02-18
2025-02-20,The Menu,2022,https://boxd.it/8Tw2DR,3.5,,"2020s, one day",2025-02-19
2025-02-21,A Real Pain,2024,https://boxd.it/8U8vxf,4,,"good dialogue, good acting, incredible performance, feeling seen, top2025, 2020s, best supporting actor winner",2025-02-20
2025-02-22,The Craft,1996,https://boxd.it/8UMduR,2,,"smoke a j first, gay halloween, halloween vibes, good styling, 90s, malleus maleficarum, camp, something wellesley this way comes, fabulous title card",2025-02-21
2025-02-25,Barry Lyndon,1975,https://boxd.it/8WFThf,5,,"70s, good cinematography, beautiful, good soundtrack, needs a rewatch, every frame a painting, criterion collection, best cinematography winner, best costume design winner, best production design winner, eighteenth century",2025-02-24
2025-02-27,The Hunger Games,2012,https://boxd.it/8Y1jxz,3.5,Yes,"w/ jill, w/ oliver, w/ emily r, so much fun, good styling, good soundtrack, nostalgic <3, 2010s, idk how to rate this, theater",2025-02-26
2025-03-01,Nickel Boys,2024,https://boxd.it/8YPx6x,4.5,,"2020s, good soundtrack, good dialogue, good cinematography, beautiful, good acting, incredible performance, good score, needs a rewatch, w/ emily, female writer",2025-02-28
2025-03-01,A Complete Unknown,2024,https://boxd.it/8Z5uM3,3,,"2020s, good styling, w/ dad, good soundtrack, good acting, feeling seen, w/ mom, i love my dad, bay area mentioned, biopic, nyc",2025-02-28
2025-03-02,The Brutalist,2024,https://boxd.it/8ZzhMJ,3,,"2020s, good cinematography, beautiful, idk how to rate this, incredible performance, a24, i love my dad, best cinematography winner, best actor winner, female writer",2025-03-01
2025-03-04,Fargo,1996,https://boxd.it/915Zc9,5,,"90s, so much fun, good dialogue, beautiful, good acting, incredible performance, feeling seen, i love my mom, best actress winner, best screenplay winner, national film registry, coen brothers, cops, fabulous title card",2025-03-03
2025-03-05,Irma Vep,1996,https://boxd.it/91Q1rn,4,,"90s, criterion collection, janus films, beautiful, so much fun, good cinematography, !american, !in english, cunt classic, vampires, movie about making movies",2025-03-04
2025-03-06,The Menu,2022,https://boxd.it/92uxaX,3.5,Yes,"2020s, w/ emily r, w/ jill",2025-03-05
2025-03-07,Carrie,1976,https://boxd.it/932RPf,4.5,,"70s, so much fun, good cinematography, good acting, incredible performance, criterion collection, national film registry, good for her, halloween vibes, feeling seen, camp",2025-03-06
2025-03-08,This Is Spinal Tap,1984,https://boxd.it/93GnWv,4,,"w/ dad, w/ mom, national film registry, criterion collection, 80s, so much fun, smoke a j first, frankie core, bechdel fail, camp, mockumentary",2025-03-07
2025-03-11,La Chimera,2023,https://boxd.it/95GQnx,4.5,,"2020s, good styling, good cinematography, good dialogue, beautiful, good acting, good editing, needs a rewatch, neon, top2025, mooford loved this, female director, !in english, !american, female writer",2025-03-10
2025-03-12,The Favourite,2018,https://boxd.it/96mm8B,5,Yes,"2010s, best actress winner, they matched each other's freak, good acting, incredible performance, good dialogue, good cinematography, good styling, beautiful, mooford loved this, female writer, something wellesley this way comes, bechdel super pass, eighteenth century",2025-03-11
2025-03-13,Nosferatu,1922,https://boxd.it/96N80x,4,,"20s, good cinematography, beautiful, good acting, they matched each other's freak, !american, !in english, vampires, b&w, nineteenth century",2025-03-12
2025-03-13,Nosferatu the Vampyre,1979,https://boxd.it/96QACF,3.5,,"70s, beautiful, halloween vibes, good score, mooford loved this, !american, vampires, nineteenth century",2025-03-12
2025-03-14,Nosferatu,2024,https://boxd.it/97cQ6f,3,,"2020s, good dialogue, beautiful, good acting, vampires",2025-03-13
2025-03-15,Cléo from 5 to 7,1962,https://boxd.it/97ETJ1,5,,"60s, criterion collection, janus films, female director, female writer, mooford loved this, beautiful, good acting, good cinematography, good styling, needs a rewatch, feeling seen, gay halloween, !american, !in english, b&w",2025-03-14
2025-03-16,Mickey 17,2025,https://boxd.it/98JzgR,4,,"2020s, good acting, good cinematography, good dialogue, incredible performance, w/ emily r, frankie core, w/ briana, w/ oliver, w/ hannah, w/ eleanor, needs a rewatch, metreon, imax, theater",2025-03-15
2025-03-18,Escape from New York,1981,https://boxd.it/9a2lC7,2.5,,"80s, smoke a j first, good score, gay halloween, i love my dad, cops, one day, nyc",2025-03-17
2025-03-21,Le Bonheur,1965,https://boxd.it/9bkYZ5,5,,"60s, janus films, criterion collection, female director, every frame a painting, beautiful, good cinematography, needs a rewatch, good score, good acting, !american, !in english, female writer, something wellesley this way comes",2025-03-20
2025-03-21,The Shining,1980,https://boxd.it/9bndfv,4,,"80s, national film registry, bechdel fail, beautiful, good acting, good cinematography, incredible performance, good editing, needs a rewatch, i love my dad, female writer",2025-03-20
2025-03-23,Rafiki,2018,https://boxd.it/9czXnN,3.5,,"2010s, female director, !in english, !american, beautiful, good acting, good cinematography, female writer",2025-03-22
2025-03-23,House,1977,https://boxd.it/9cCATR,4.5,,"70s, janus films, criterion collection, !american, !in english, so much fun, beautiful, good styling, smoke a j first, needs a rewatch, they matched each other's freak, good score, halloween vibes, gay halloween, top2025, topstats, mooford loved this, surrealism, bechdel super pass",2025-03-22
2025-03-23,Charlie's Angels,2000,https://boxd.it/9cLMcj,2.5,,"2000s, so much fun, good styling, smoke a j first, nostalgic <3, gay halloween, they matched each other's freak, cunt classic, camp, '95 - '05, spy movie",2025-03-22
2025-03-27,Suspiria,1977,https://boxd.it/9f6fdD,3.5,,"70s, !american, so much fun, good styling, beautiful, good cinematography, smoke a j first, needs a rewatch, gay halloween, halloween vibes, top2025, mooford loved this, malleus maleficarum, female writer, vampires, technicolor",2025-03-26
2025-03-28,The Love Witch,2016,https://boxd.it/9frT6J,3,,"2010s, female director, so much fun, good styling, beautiful, good cinematography, gay halloween, halloween vibes, malleus maleficarum, female writer",2025-03-27
2025-03-28,The Discreet Charm of the Bourgeoisie,1972,https://boxd.it/9fuxDd,4,,"70s, so much fun, good acting, smoke a j first, !american, !in english, criterion collection, they matched each other's freak, idk how to rate this, surrealism, best foreign language film winner",2025-03-27
2025-03-29,Holland,2025,https://boxd.it/9g4QBx,2,,"2020s, female director, good acting, good cinematography, good score, watched in santa barbara",2025-03-28
2025-03-30,The Northman,2022,https://boxd.it/9grUi1,3.5,,"2020s, bechdel fail, good acting, good score, good cinematography, beautiful, malleus maleficarum, mooford loved this, watched in santa barbara, zombies, revenge",2025-03-29
2025-03-30,Death Becomes Her,1992,https://boxd.it/9gyAP9,4,,"90s, so much fun, good acting, good dialogue, halloween vibes, cunt classic, camp, watched in santa barbara, zombies, '85 - '95",2025-03-29
2025-03-30,American Psycho,2000,https://boxd.it/9gJH5J,4.5,,"2000s, good acting, good cinematography, good dialogue, female director, good soundtrack, incredible performance, bechdel fail, female writer, watched in santa barbara, surrealism, perspicacious and prescient, '95 - '05, nyc",2025-03-29
2025-03-31,Drop Dead Gorgeous,1999,https://boxd.it/9h6DKf,4.5,,"90s, so much fun, good acting, good dialogue, camp, gay halloween, feeling seen, cunt classic, top2025, i love my mom, female writer, watched in santa barbara, mockumentary",2025-03-30
2025-03-31,Showgirls,1995,https://boxd.it/9hg54T,4.5,,"90s, beautiful, good styling, needs a rewatch, gay halloween, idk how to rate this, cunt classic, good for her, bay area mentioned, watched in santa barbara, showgirls!, '85 - '95, '95 - '05",2025-03-30
2025-03-31,Burlesque,2010,https://boxd.it/9hsRWX,2.5,,"2010s, camp, watched in santa barbara, musical, showgirls!",2025-03-30
2025-04-01,Sweetie,1989,https://boxd.it/9hMoN3,4.5,,"80s, female director, female writer, janus films, criterion collection, !american, good acting, beautiful, good cinematography, good dialogue, needs a rewatch, mooford loved this, watched in santa barbara, '85 - '95",2025-03-31
2025-04-01,The Red Shoes,1948,https://boxd.it/9hTar7,5,,"40s, !american, criterion collection, janus films, best production design winner, best original score winner, good acting, beautiful, good cinematography, good styling, good dialogue, needs a rewatch, gay halloween, good score, good editing, every frame a painting, watched in santa barbara, technicolor",2025-03-31
2025-04-01,To Die For,1995,https://boxd.it/9hYA6f,3.5,,"90s, good styling, criterion collection, incredible performance, gay halloween, cunt classic, good for her, watched in santa barbara, '85 - '95",2025-03-31
2025-04-02,Multiple Maniacs,1970,https://boxd.it/9igAVN,3.5,,"70s, janus films, criterion collection, so much fun, good styling, good dialogue, smoke a j first, camp, gay halloween, cunt classic, watched in santa barbara, one day",2025-04-01
2025-04-02,Persona,1966,https://boxd.it/9ikxnr,5,,"60s, janus films, criterion collection, !american, !in english, bechdel super pass, good styling, good acting, beautiful, good cinematography, needs a rewatch, good score, idk how to rate this, they matched each other's freak, good editing, watched in santa barbara, every frame a painting, b&w",2025-04-01
2025-04-02,Frankenhooker,1990,https://boxd.it/9iuMPv,3.5,,"90s, so much fun, good styling, camp, gay halloween, halloween vibes, cunt classic, watched in santa barbara, good for her, smoke a j first, zombies, '85 - '95, nyc",2025-04-01
2025-04-03,Casablanca,1942,https://boxd.it/9iIajz,5,,"40s, national film registry, best director winner, best screenplay winner, best picture winner, good styling, good acting, beautiful, good cinematography, good dialogue, needs a rewatch, incredible performance, good score, idk how to rate this, bechdel fail, every frame a painting, watched in santa barbara, b&w",2025-04-02
2025-04-03,Cemetery Man,1994,https://boxd.it/9iPBwf,4.5,,"90s, !american, good dialogue, smoke a j first, gay halloween, halloween vibes, they matched each other's freak, watched in santa barbara, bechdel fail, zombies, '85 - '95",2025-04-02
2025-04-03,Blue Velvet,1986,https://boxd.it/9iWlZT,4,,"80s, '85 - '95, beautiful, good dialogue, smoke a j first, criterion collection, incredible performance, needs a rewatch, idk how to rate this, watched in santa barbara, surrealism, hey that's the name of the movie",2025-04-02
2025-04-04,Blonde and Blonder,2008,https://boxd.it/9js2AT,2.5,,"2000s, good styling, smoke a j first, camp, gay halloween, they matched each other's freak, '05 - '15",2025-04-03
2025-04-06,Gone Girl,2014,https://boxd.it/9kE3fZ,4.5,,"2010s, incredible performance, they matched each other's freak, cunt classic, good for her, good acting, good cinematography",2025-04-05
2025-04-07,Fantastic Planet,1973,https://boxd.it/9lpzy9,3.5,,"70s, !american, !in english, janus films, criterion collection, beautiful, smoke a j first, idk how to rate this, good score, frankie core, surrealism",2025-04-06
2025-04-08,Portrait of a Lady on Fire,2019,https://boxd.it/9lTQmJ,4.5,,"2010s, neon, criterion collection, !american, !in english, female writer, female director, hey that's the name of the movie, bechdel super pass, good styling, beautiful, good acting, good cinematography, eighteenth century",2025-04-07
2025-04-09,Mommie Dearest,1981,https://boxd.it/9mrQKT,3,,"80s, good styling, beautiful, female writer, camp, gay halloween, cunt classic, hey that's the name of the movie, STRESSFUL!",2025-04-08
2025-04-11,Possession,1981,https://boxd.it/9npdzd,4.5,,"80s, good acting, good cinematography, !american, incredible performance, good score, bechdel fail, too gross, surrealism",2025-04-10
2025-04-12,Election,1999,https://boxd.it/9nOxwj,3.5,,"90s, criterion collection, good acting, feeling seen, something wellesley this way comes",2025-04-11
2025-04-13,Belle de Jour,1967,https://boxd.it/9o6uFN,5,,"60s, janus films, criterion collection, fashion history, !american, !in english, good acting, good styling, beautiful, good cinematography, surrealism, hey that's the name of the movie, madonna-whore complex, hair and makeup masterclass",2025-04-12
2025-04-13,All About Eve,1950,https://boxd.it/9olR4l,5,,"50s, criterion collection, national film registry, hey that's the name of the movie, best picture winner, best director winner, best screenplay winner, best costume design winner, good acting, good styling, so much fun, good cinematography, good dialogue, incredible performance, camp, cunt classic, bay area mentioned, b&w, nyc",2025-04-12
2025-04-13,I Married a Witch,1942,https://boxd.it/9oxUYl,3,,"40s, good styling, malleus maleficarum, good cinematography, good dialogue, criterion collection, gay halloween, halloween vibes, janus films, bechdel fail, b&w",2025-04-12
2025-04-14,Sunset Boulevard,1950,https://boxd.it/9oSc3d,4.5,,"50s, national film registry, best screenplay winner, best original score winner, good cinematography, good acting, beautiful, good dialogue, incredible performance, cunt classic, b&w, hey that's the name of the movie, movie about making movies",2025-04-13
2025-04-15,A Simple Favor,2018,https://boxd.it/9pNP3F,2,,"2010s, they matched each other's freak, hey that's the name of the movie, female writer",2025-04-14
2025-04-16,Elvira: Mistress of the Dark,1988,https://boxd.it/9qjl77,3,,"80s, smoke a j first, camp, gay halloween, halloween vibes, something wellesley this way comes, malleus maleficarum, female writer, '85 - '95, massholes",2025-04-15
2025-04-18,Gentlemen Prefer Blondes,1953,https://boxd.it/9ro3kV,4.5,,"50s, good styling, beautiful, so much fun, good cinematography, good acting, good dialogue, incredible performance, gay halloween, cunt classic, they matched each other's freak, something wellesley this way comes, hair and makeup masterclass, technicolor, top2025, showgirls!, profile, nyc",2025-04-17
2025-04-19,Some Like It Hot,1959,https://boxd.it/9rUEtT,4.5,,"50s, national film registry, best costume design winner, hey that's the name of the movie, b&w, good acting, good styling, beautiful, so much fun, good cinematography, good dialogue, smoke a j first, gay halloween, something wellesley this way comes",2025-04-18
2025-04-19,Heat,1995,https://boxd.it/9s62IP,3.5,,"90s, '85 - '95, '95 - '05, good acting, w/ dad, w/ mom, they matched each other's freak, good score, bechdel fail, hey that's the name of the movie, i love my dad, bay area mentioned, heist movie, cops",2025-04-18
2025-04-20,Grey Gardens,1975,https://boxd.it/9svfNt,,,"70s, national film registry, janus films, criterion collection, documentary, beautiful, good cinematography, feeling seen, good editing, hey that's the name of the movie",2025-04-19
2025-04-20,No Other Land,2024,https://boxd.it/9sNW0P,,,"2020s, documentary, good cinematography, !american, !in english, hey that's the name of the movie, w/ jill, best documentary winner, theater",2025-04-19
2025-04-21,The Witches of Eastwick,1987,https://boxd.it/9tdft7,3.5,,"80s, '85 - '95, good styling, so much fun, gay halloween, camp, something wellesley this way comes, good for her, malleus maleficarum",2025-04-20
2025-04-21,Funny Face,1957,https://boxd.it/9tpi73,3,,"50s, good styling, beautiful, good cinematography, hey that's the name of the movie, technicolor, hair and makeup masterclass, musical, fashion history, nyc",2025-04-20
2025-04-21,Scream,1996,https://boxd.it/9txWhj,4.5,Yes,,2025-04-20
2025-04-22,What Ever Happened to Baby Jane?,1962,https://boxd.it/9uhAEx,4,,"60s, b&w, good cinematography, good dialogue, incredible performance, gay halloween, camp, cunt classic, national film registry, best costume design winner, mooford loved this",2025-04-21
2025-04-23,Uncut Gems,2019,https://boxd.it/9uC4AP,4,,"2010s, a24, criterion collection, stressful!, that's a girldad, bechdel fail, nyc",2025-04-22
2025-04-23,Sucker Punch,2011,https://boxd.it/9uHq3D,2.5,,"2010s, director's cut, gay halloween, idk how to rate this, surrealism, superheroes",2025-04-22
2025-04-23,Opus,2025,https://boxd.it/9uL99R,2.5,,"2020s, a24, fabulous title card, beautiful, good score, good styling",2025-04-22
2025-04-23,Scary Movie,2000,https://boxd.it/9uQq1b,3.5,,"2000s, so much fun, smoke a j first, camp, halloween vibes, hey that's the name of the movie, top2025, frankie core, parody, '95 - '05",2025-04-22
2025-04-24,"To Wong Foo, Thanks for Everything! Julie Newmar",1995,https://boxd.it/9vdPgL,3.5,,"90s, '85 - '95, '95 - '05, hey that's the name of the movie, something wellesley this way comes, road trip movie, so much fun, good dialogue, smoke a j first, gay halloween, cunt classic, idk how to rate this, feeling seen, camp, top2025",2025-04-23
2025-04-25,Cabaret,1972,https://boxd.it/9vRovJ,4,,"70s, musical, incredible performance, gay halloween, hey that's the name of the movie, national film registry, best actress winner, best director winner, best cinematography winner, best supporting actor winner, best editing winner, best art direction winner, best sound winner, female writer",2025-04-24
2025-04-27,Johnny Guitar,1954,https://boxd.it/9wWK29,4,,"50s, national film registry, trucolor, good styling, beautiful, good cinematography, good acting, hey that's the name of the movie, every frame a painting, western",2025-04-26
2025-04-27,Alien,1979,https://boxd.it/9x8rKv,5,,"70s, national film registry, best art direction winner, best special effects winner, space, good acting, beautiful, good cinematography, good dialogue, smoke a j first, incredible performance, stressful!",2025-04-26
2025-04-28,Singin' in the Rain,1952,https://boxd.it/9xHNth,5,,"50s, technicolor, beautiful, good cinematography, so much fun, good styling, criterion collection, good soundtrack, hey that's the name of the movie, national film registry, nostalgic <3, w/ emily r, musical, movie about making movies",2025-04-27
2025-04-28,The Hunger,1983,https://boxd.it/9xQ8iF,3,,"80s, good cinematography, beautiful, smoke a j first, gay halloween, good score, they matched each other's freak, good editing, vampires, nyc",2025-04-27
2025-04-30,12 Angry Men,1957,https://boxd.it/9yJOhf,5,,"50s, criterion collection, b&w, directorial debut, good cinematography, good acting, good dialogue, incredible performance, national film registry, bechdel fail, one day, nyc",2025-04-29
2025-05-02,Moonstruck,1987,https://boxd.it/9zMyyz,3.5,,"80s, best actress winner, best supporting actress winner, best screenplay winner, criterion collection, beautiful, good styling, so much fun, nyc",2025-05-01
2025-05-03,Notorious,1946,https://boxd.it/9AnHrB,4,,"40s, good cinematography, good acting, national film registry, b&w, brasil, criterion collection, spy movie, bechdel fail",2025-05-02
2025-05-03,Birth,2004,https://boxd.it/9Aynf3,4,,"2000s, suspicious wig work, '95 - '05, criterion collection, good score, incredible performance, good cinematography, good acting, fabulous title card, nyc",2025-05-02
2025-05-04,North by Northwest,1959,https://boxd.it/9APmen,4,,"50s, good cinematography, beautiful, so much fun, good dialogue, criterion collection, national film registry, bechdel fail, bay area mentioned, technicolor, spy movie, fabulous title card, good styling",2025-05-03
2025-05-04,Mission: Impossible,1996,https://boxd.it/9B7Cpx,3.5,Yes,"90s, spy movie, so much fun, good score, bechdel fail, i love my dad, w/ dad, w/ henry, w/ lucy, mission: impossible",2025-05-03
2025-05-05,Psycho,1960,https://boxd.it/9BZYlP,4.5,,"60s, national film registry, b&w, good cinematography, beautiful, incredible performance, good score, good editing, every frame a painting, suspicious wig work",2025-05-04
2025-05-07,Charade,1963,https://boxd.it/9D4eNH,3,,"60s, national film registry, criterion collection, technicolor, fashion history, fabulous title card, good dialogue, spy movie, good styling, bechdel fail",2025-05-06
2025-05-09,Dial M for Murder,1954,https://boxd.it/9DVgKr,4,,"50s, incredible performance, good styling, beautiful, good score, murder mystery, bechdel fail",2025-05-08
2025-05-10,Roman Holiday,1953,https://boxd.it/9EjLRr,5,,"50s, b&w, so much fun, good dialogue, incredible performance, best costume design winner, best actress winner, good styling, beautiful, national film registry, good for her",2025-05-09
2025-05-10,Wild Things,1998,https://boxd.it/9Ep6dR,2.5,,"90s, suspicious wig work, smoke a j first, w/ emily",2025-05-09
2025-05-10,Rear Window,1954,https://boxd.it/9ExuWn,5,,"50s, technicolor, national film registry, good acting, good styling, needs a rewatch, good editing, murder mystery, nyc, one location",2025-05-09
2025-05-11,Rope,1948,https://boxd.it/9F3AnR,3.5,,"40s, technicolor, good acting, so much fun, they matched each other's freak, hey that's the name of the movie, murder mystery, one day",2025-05-10
2025-05-11,Sinners,2025,https://boxd.it/9FeIl7,4.5,,"2020s, good acting, so much fun, good score, good soundtrack, needs a rewatch, theater, w/ jill, hey that's the name of the movie, vampires, one day",2025-05-10
2025-05-15,Ghost Dog: The Way of the Samurai,1999,https://boxd.it/9HshXz,4,,"90s, '95 - '05, so much fun, good dialogue, beautiful, good acting, criterion collection, good score, good soundtrack, needs a rewatch, bechdel fail, feeling seen, top2025, hitman, mafia movie",2025-05-14
2025-05-18,Dog Day Afternoon,1975,https://boxd.it/9Jag33,4.5,,"70s, best screenplay winner, national film registry, beautiful, good acting, good cinematography, so much fun, good dialogue, incredible performance, good editing, cops, heist movie, one day, nyc",2025-05-17
2025-05-19,"Paris, Texas",1984,https://boxd.it/9JH0Wx,5,,"80s, janus films, criterion collection, palme d'or winner, color grading perfection, bechdel fail, beautiful, good acting, good cinematography, good dialogue, incredible performance, needs a rewatch, hey that's the name of the movie",2025-05-18
2025-05-19,Orlando,1992,https://boxd.it/9JRidF,3.5,,"90s, female writer, female director, !american, notable fourth wall break, time travel, hey that's the name of the movie, idk how to rate this, good for her",2025-05-18
2025-05-22,Kiki's Delivery Service,1989,https://boxd.it/9Lx1OH,4,Yes,"80s, '85 - '95, beautiful, !american, good score, theater, hey that's the name of the movie, malleus maleficarum",2025-05-21
2025-05-23,Funeral Parade of Roses,1969,https://boxd.it/9M199R,4,,"60s, b&w, !in english, !american, smoke a j first, good cinematography, needs a rewatch, idk how to rate this, good editing",2025-05-22
2025-05-25,House,1977,https://boxd.it/9Nqazl,4,Yes,"theater, 35mm, roxie, w/ jill, fabulous title card",2025-05-24
2025-05-27,Vertigo,1958,https://boxd.it/9OQanv,4.5,Yes,"50s, technicolor, national film registry, bechdel fail, beautiful, good cinematography, good styling, good dialogue, w/ jill, theater, balboa theater, cops, color grading perfection, suspicious wig work, murder mystery, bay area mentioned, fabulous title card",2025-05-26
2025-05-31,Ted,2012,https://boxd.it/9RdR1V,3.5,,"smoke a j first, 2010s, w/ sascha, massholes, woad",2025-05-29
2025-06-02,All That Jazz,1979,https://boxd.it/9SA09n,5,,"70s, palme d'or winner, beautiful, good cinematography, good styling, criterion collection, gay halloween, good score, national film registry, needs a rewatch, good editing, best costume design winner, best art direction winner, best original score winner, best editing winner, color grading perfection, nyc",2025-06-01
2025-06-06,Shutter Island,2010,https://boxd.it/9Uzgpn,4.5,,"2010s, incredible performance, needs a rewatch, good soundtrack, good editing, dubious accents, good score, good cinematography, w/ sascha, female writer, massholes, dead wife montage, woad",2025-06-05
2025-06-10,Barbarella,1968,https://boxd.it/9XuvdD,3,,"60s, cunt classic, !american, smoke a j first, beautiful, good styling, so much fun, gay halloween, camp, hey that's the name of the movie, idk how to rate this, space",2025-06-09
2025-06-14,Detention,2011,https://boxd.it/9ZPPnX,1.5,,2010s,2025-06-13
2025-06-30,"The Good, the Bad and the Ugly",1966,https://boxd.it/aauqqp,4.5,,"60s, !american, technicolor, bechdel fail, western, beautiful, good cinematography, good acting, good score, nineteenth century",2025-06-29
2025-07-02,M3GAN,2022,https://boxd.it/abx3wT,2.5,,"2020s, hey that's the name of the movie, perspicacious and prescient, boots the house diva fierciosity, female writer",2025-07-01
2025-07-04,Burn After Reading,2008,https://boxd.it/acU6M1,3.5,,"2000s, coen brothers, so much fun, good acting, good styling, good cinematography, good dialogue, bechdel fail, i love my dad",2025-07-03
2025-07-04,Ma,2019,https://boxd.it/ad44SV,1.5,,"2010s, boots the house diva fierciosity, suspicious wig work, smoke a j first, good for her, hey that's the name of the movie, w/ emily",2025-07-03
2025-07-05,Do the Right Thing,1989,https://boxd.it/adr347,5,,"80s, beautiful, good cinematography, good styling, good dialogue, criterion collection, national film registry, every frame a painting, color grading perfection, perspicacious and prescient, notable fourth wall break, one day, nyc",2025-07-04
2025-07-06,Mission: Impossible II,2000,https://boxd.it/aemDfJ,2,,"2000s, spy movie, bechdel fail, mission: impossible",2025-07-05
2025-07-07,Shaun of the Dead,2004,https://boxd.it/afdtXx,5,Yes,"2000s, '95 - '05, good cinematography, good acting, so much fun, good dialogue, smoke a j first, !american, nostalgic <3, i love my dad, zombies, directorial debut",2025-07-06
2025-07-18,M3GAN 2.0,2025,https://boxd.it/ant1Fz,1.5,,"2020s, bay area mentioned",2025-07-17
2025-07-25,The Godfather,1972,https://boxd.it/asyILl,4.5,,"70s, national film registry, best screenplay winner, best picture winner, best actor winner, good cinematography, good acting, good styling, good dialogue, needs a rewatch, bechdel fail, watched in santa barbara, mafia movie, symbolism central, revenge, nyc",2025-07-23
2025-07-25,Donnie Darko,2001,https://boxd.it/at5P1P,4,,"2000s, directorial debut, good soundtrack, time travel, hey that's the name of the movie, watched in santa barbara",2025-07-24
2025-07-27,The Phoenician Scheme,2025,https://boxd.it/auJcvF,3.5,,"2020s, watched in santa barbara, w/ briana, good cinematography, beautiful, good styling, good acting, good editing",2025-07-26
2025-07-28,Amadeus,1984,https://boxd.it/avIIlf,4,,"80s, national film registry, best costume design winner, best picture winner, best director winner, best art direction winner, best sound winner, best makeup/hair styling winner, watched in santa barbara, eighteenth century",2025-07-27
2025-07-29,The Godfather Part II,1974,https://boxd.it/awismj,4.5,,"70s, national film registry, watched in santa barbara, best picture winner, best director winner, best supporting actor winner, best screenplay winner, best art direction winner, mafia movie, good cinematography, good acting, incredible performance, needs a rewatch, bechdel fail, symbolism central, nyc",2025-07-28
2025-07-29,Gladiator,2000,https://boxd.it/awCTc1,4,,"2000s, best picture winner, best actor winner, best costume design winner, best sound winner, watched in santa barbara, hey that's the name of the movie, bechdel fail, they matched each other's freak, revenge, dead wife montage",2025-07-28
2025-07-30,GoodFellas,1990,https://boxd.it/axk9tX,4.5,,"90s, best supporting actor winner, national film registry, hey that's the name of the movie, mafia movie, watched in santa barbara, nyc",2025-07-29
2025-08-03,No Country for Old Men,2007,https://boxd.it/aAvw4v,4.5,,"2000s, mooford loved this, national film registry, best picture winner, best director winner, best screenplay winner, best supporting actor winner, western, coen brothers, good acting, good dialogue, incredible performance, i love my dad, stressful!, criterion collection",2025-08-02
2025-08-04,The Apartment,1960,https://boxd.it/aBaY0D,4.5,,"60s, best picture winner, best director winner, best screenplay winner, best art direction winner, best editing winner, b&w, good acting, good cinematography, beautiful, good styling, so much fun, good dialogue, national film registry, hey that's the name of the movie, holiday movie, nyc",2025-08-03
2025-08-04,The Naked Gun,2025,https://boxd.it/aBppAL,3.5,,"2020s, notable fourth wall break, cops, so much fun, smoke a j first, theater, w/ jill, w/ hannah",2025-08-03
2025-08-06,Charlie's Angels: Full Throttle,2003,https://boxd.it/aCYNVd,3,,"2000s, female writer, so much fun, nostalgic <3, spy movie, gay halloween, gorgeous cars",2025-08-05
2025-08-11,Double Indemnity,1944,https://boxd.it/aGFtL1,3.5,,"40s, b&w, national film registry, bay area mentioned, joanne the scammer, criterion collection",2025-08-08
2025-08-10,Catch Me If You Can,2002,https://boxd.it/aG027L,4,,"2000s, w/ emily r, w/ jill, w/ briana, w/ hannah, w/ eleanor, w/ ananya, good score, bechdel fail, they matched each other's freak, joanne the scammer",2025-08-09
2025-08-11,The Silence of the Lambs,1991,https://boxd.it/aGS3uT,4.5,,"90s, national film registry, best picture winner, best director winner, best actress winner, best actor winner, best screenplay winner, criterion collection, notable fourth wall break, good cinematography, good acting, incredible performance, idk how to rate this, cops, stressful!",2025-08-10
2025-08-13,Mission: Impossible III,2006,https://boxd.it/aIlcMT,3,,"2000s, spy movie, profile, mission: impossible, directorial debut",2025-08-12
2025-08-16,Mad Max: Fury Road,2015,https://boxd.it/aKrD2X,5,Yes,"2010s, good cinematography, good styling, so much fun, bass pro shop, best makeup/hair styling winner, best editing winner, best production design winner, best costume design winner, best sound winner",2025-08-15
2025-08-22,Nowhere,1997,https://boxd.it/aOPApX,4.5,,"90s, smoke a j first, hey that's the name of the movie, feeling seen, criterion collection, so much fun, good styling, needs a rewatch, idk how to rate this, good editing, surrealism",2025-08-21
2025-08-27,The Lighthouse,2019,https://boxd.it/aSmzaF,4,,"2010s, a24, b&w, watched in tahoe, nineteenth century, good cinematography, good acting, incredible performance, idk how to rate this, they matched each other's freak, massholes, bechdel fail",2025-08-26
2025-08-27,Clue,1985,https://boxd.it/aSu3s9,5,Yes,"80s, so much fun, good dialogue, smoke a j first, gay halloween, camp, halloween vibes, massholes, murder mystery, w/ emily r, watched in tahoe, one day",2025-08-26
2025-09-06,The Master,2012,https://boxd.it/aZ5GIj,4.5,,"2010s, bay area mentioned, suspicious wig work, good acting, good cinematography, beautiful, good dialogue, incredible performance, hey that's the name of the movie, needs a rewatch, bechdel fail, massholes, color grading perfection",2025-09-05
2025-09-11,Sexy Beast,2000,https://boxd.it/b2iXPJ,5,,"2000s, directorial debut, heist movie, !american, bass pro shop, good score, good cinematography, beautiful, visually gorgeous, so much fun, good acting, good dialogue, smoke a j first, needs a rewatch",2025-09-10
2025-09-13,Mission: Impossible – Ghost Protocol,2011,https://boxd.it/b3owlN,2.5,,"2010s, spy movie, w/ dad, w/ henry, bass pro shop, bay area mentioned, russian bad guys, bechdel fail, mission: impossible",2025-09-12
2025-09-14,There Will Be Blood,2007,https://boxd.it/b46YRb,4.5,,"2000s, best actor winner, best cinematography winner, good cinematography, good acting, good dialogue, incredible performance, good score, bechdel fail, bay area mentioned, watched in tahoe",2025-09-13
2025-09-16,Beau Travail,1999,https://boxd.it/b5rgmz,5,,"2000s, !american, !in english, female director, female writer, criterion collection, janus films, mooford loved this, good cinematography, beautiful, good score, bechdel fail, needs a rewatch, idk how to rate this, every frame a painting, color grading perfection, visually gorgeous",2025-09-15
2025-09-21,The Italian Job,1969,https://boxd.it/b8g95V,2.5,,"60s, !american, heist movie, beautiful, bechdel fail, mafia movie, w/ dad, gorgeous cars",2025-09-20
2025-09-24,Romy and Michele's High School Reunion,1997,https://boxd.it/ba6rWV,3,,"90s, good soundtrack, good styling, so much fun, smoke a j first, gay halloween, camp, they matched each other's freak, cunt classic",2025-09-23
2025-09-27,Gone Girl,2014,https://boxd.it/bbL2v7,4.5,Yes,"love sucks movie fest 2025, w/ emily r, murder mystery, suspicious wig work, they matched each other's freak, incredible performance",2025-09-26
2025-09-28,Popstar: Never Stop Never Stopping,2016,https://boxd.it/bc7JEZ,4,Yes,"love sucks movie fest 2025, 2010s, mockumentary, so much fun, smoke a j first, bechdel fail, notable fourth wall break, w/ briana",2025-09-27
2025-09-28,Kick-Ass,2010,https://boxd.it/bchIrv,3.5,Yes,"love sucks movie fest 2025, 2010s, w/ briana, superheroes, mafia movie, russian bad guys, nostalgic <3, bass pro shop, smoke a j first, hey that's the name of the movie, good for her, i love my dad",2025-09-27
2025-09-28,Jennifer's Body,2009,https://boxd.it/bcvfTD,4.5,Yes,"love sucks movie fest 2025, halloween 2025, w/ emily r, w/ briana, notable fourth wall break, good styling, so much fun, good dialogue, smoke a j first, female writer, gay halloween, female director, good soundtrack, they matched each other's freak, halloween vibes, good for her, something wellesley this way comes, director's cut",2025-09-27
2025-09-30,Phantom Thread,2017,https://boxd.it/bdMkND,5,,"love sucks movie fest 2025, 2010s, best costume design winner, beautiful, good cinematography, good acting, good styling, incredible performance, good score, they matched each other's freak, fabulous title card",2025-09-29
2025-10-03,Revenge,2017,https://boxd.it/bfs3aH,4,,"love sucks movie fest 2025, 2010s, halloween 2025, female writer, female director, !american, !in english, directorial debut, neon, bass pro shop, bechdel fail, good score, symbolism central, good for her, stressful!, too gross, revenge",2025-10-02
2025-10-04,21 Jump Street,2012,https://boxd.it/bg4G29,3,Yes,"love sucks movie fest 2025, 2010s, w/ briana, watched in tahoe, smoke a j first, suspicious wig work, cops, nostalgic <3, bechdel fail",2025-10-03
2025-10-08,Welcome to the Dollhouse,1995,https://boxd.it/biOcBD,3,,"love sucks movie fest 2025, 90s, good styling, hey that's the name of the movie, needs a rewatch",2025-10-07
2025-10-10,Black Bag,2025,https://boxd.it/bjTfwl,3.5,,"love sucks movie fest 2025, 2020s, spy movie, russian bad guys, w/ briana, beautiful, good styling, good score, hey that's the name of the movie, good cinematography, suspicious wig work",2025-10-09
2025-10-11,Chicago,2002,https://boxd.it/bkv7pn,4.5,,"love sucks movie fest 2025, 2000s, best picture winner, best supporting actress winner, best editing winner, best art direction winner, best costume design winner, musical, good cinematography, beautiful, so much fun, incredible performance, hey that's the name of the movie, cunt classic, good for her, bay area mentioned, showgirls!",2025-10-10
2025-10-12,Mission: Impossible – Rogue Nation,2015,https://boxd.it/bl2KYx,3,,"love sucks movie fest 2025, 2010s, spy movie, bay area mentioned, good score, bechdel fail, mission: impossible",2025-10-11
2025-10-14,Blade,1998,https://boxd.it/bmJIEZ,3,,"90s, love sucks movie fest 2025, halloween 2025, vampires, so much fun, good styling, hey that's the name of the movie, w/ dad, w/ mom, smoke a j first, camp, halloween vibes, zombies, nyc",2025-10-13
2025-10-15,Mission: Impossible – Fallout,2018,https://boxd.it/bnlA7p,4,,"love sucks movie fest 2025, 2010s, mission: impossible, so much fun, bechdel fail, spy movie, bass pro shop",2025-10-14
2025-10-18,Speed Racer,2008,https://boxd.it/bp5ju3,5,,"love sucks movie fest 2025, 2000s, good cinematography, beautiful, so much fun, good dialogue, smoke a j first, female writer, female director, hey that's the name of the movie, needs a rewatch, good editing, feeling seen, top2025, visually gorgeous, long review",2025-10-17
2025-10-19,Mission: Impossible – Dead Reckoning,2023,https://boxd.it/bpDWzz,3.5,,"2020s, love sucks movie fest 2025, mission: impossible, spy movie, stressful!",2025-10-18
2025-10-20,Le Cercle Rouge,1970,https://boxd.it/bqmWQP,4,,"love sucks movie fest 2025, 90s, !american, !in english, criterion collection, janus films, heist movie, good cinematography, beautiful, good acting, good styling, bechdel fail, good score, they matched each other's freak, cops",2025-10-19
2025-10-20,Lady Snowblood,1973,https://boxd.it/bqts4b,4,,"70s, love sucks movie fest 2025, !american, !in english, revenge, criterion collection, janus films, nineteenth century, good cinematography, beautiful, so much fun, good for her, halloween 2025",2025-10-19
2025-10-21,The Handmaiden,2016,https://boxd.it/briXtj,5,,"2010s, love sucks movie fest 2025, !american, !in english, good cinematography, beautiful, good acting, needs a rewatch, they matched each other's freak, good editing, joanne the scammer",2025-10-20
2025-10-22,Scary Movie,2000,https://boxd.it/brwe9B,3,Yes,"love sucks movie fest 2025, halloween 2025, 2000s, bay area mentioned, smoke a j first, hey that's the name of the movie, camp, halloween vibes",2025-10-20
2025-10-22,Happy Death Day,2017,https://boxd.it/brX0Px,3,,"2010s, love sucks movie fest 2025, halloween 2025, halloween vibes, gay halloween, feeling seen, time travel, so much fun, smoke a j first, camp, nostalgic <3, one day",2025-10-21
2025-10-23,John Wick,2014,https://boxd.it/bszSqn,3,,"2010s, love sucks movie fest 2025, w/ dad, hitman, russian bad guys, bass pro shop, directorial debut, dead wife montage",2025-10-22
2025-10-25,Snatch,2000,https://boxd.it/btPybj,3.5,,"2000s, love sucks movie fest 2025, w/ dad, !american, heist movie, good acting, so much fun, good styling, good dialogue, bechdel fail, good editing, i love my dad, russian bad guys, dubious accents",2025-10-24
2025-10-26,The Evil Dead,1981,https://boxd.it/buiNid,3,,"80s, love sucks movie fest 2025, halloween 2025, halloween vibes, idk how to rate this, one day, zombies, too gross, directorial debut",2025-10-25
2025-10-26,Night of the Living Dead,1968,https://boxd.it/buq0cV,4,,"60s, love sucks movie fest 2025, halloween 2025, criterion collection, janus films, national film registry, moma collection, b&w, good cinematography, beautiful, good score, w/ dad, one day, one location, zombies, directorial debut",2025-10-25
2025-10-26,In Bruges,2008,https://boxd.it/buFy1x,5,,"2000s, love sucks movie fest 2025, w/ dad, !american, good acting, so much fun, good dialogue, incredible performance, bechdel fail, hey that's the name of the movie, they matched each other's freak, feeling seen, directorial debut, hitman",2025-10-25
2025-10-27,Happy Death Day,2017,https://boxd.it/bviQUX,3,Yes,w/ emily,2025-10-26
2025-10-28,The Terminator,1984,https://boxd.it/bweCRr,3,,"80s, love sucks movie fest 2025, halloween 2025, female writer, good score, w/ dad, idk how to rate this, time travel",2025-10-27
2025-11-01,The Bride Wore Black,1968,https://boxd.it/byHGP1,3.5,,"60s, love sucks movie fest 2025, gorgeous cars, !american, !in english, incredible performance, beautiful, good cinematography, good score, good editing, good for her, revenge",2025-10-31
2025-11-01,Frankenweenie,2012,https://boxd.it/byK28n,3.5,,"2010s, love sucks movie fest 2025, halloween 2025, halloween vibes, stop motion, b&w, beautiful, w/ emily, w/ mom, w/ dad",2025-10-31
2025-11-01,Casino Royale,2006,https://boxd.it/byTmB3,3.5,,"2000s, love sucks movie fest 2025, spy movie, james bond, w/ dad, good score, bechdel fail, hey that's the name of the movie, good editing, long review",2025-10-31
2025-11-04,The Naked Gun,2025,https://boxd.it/bBdzVN,3.5,Yes,"w/ mom, w/ dad, love sucks movie fest 2025, notable fourth wall break, i love my mom, cops",2025-11-03
2025-11-05,Blood and Black Lace,1964,https://boxd.it/bBPjJ3,3.5,,"60s, love sucks movie fest 2025, !american, murder mystery, gorgeous cars, good cinematography, beautiful, good styling, smoke a j first, color grading perfection, visually gorgeous",2025-11-04
2025-11-07,Police Story,1985,https://boxd.it/bCRazV,4,,"80s, love sucks movie fest 2025, !american, !in english, criterion collection, janus films, color grading perfection, cops, mooford loved this, so much fun, smoke a j first, mafia movie",2025-11-06
2025-11-08,Frankenstein,2025,https://boxd.it/bDCqqT,3,,"2020s, love sucks movie fest 2025, w/ briana, bechdel fail, hey that's the name of the movie, needs a rewatch, long review",2025-11-07
2025-11-11,"Lock, Stock and Two Smoking Barrels",1998,https://boxd.it/bFZnd7,3.5,,"90s, love sucks movie fest 2025, w/ dad, i love my dad, directorial debut, heist movie, so much fun, good dialogue, smoke a j first, !american, bechdel fail, good score",2025-11-10
2025-11-12,Bugonia,2025,https://boxd.it/bGH5ax,4.5,,"2020s, love sucks movie fest 2025, w/ hannah, w/ jill, w/ emily r, theater, good cinematography, beautiful, good acting, incredible performance, good score, needs a rewatch, idk how to rate this, color grading perfection, stressful!",2025-11-11
2025-11-14,Reservoir Dogs,1992,https://boxd.it/bHTj9r,3.5,,"90s, love sucks movie fest 2025, directorial debut, bechdel fail, stressful!, idk how to rate this, good soundtrack, w/ dad",2025-11-13
2025-11-16,One Battle After Another,2025,https://boxd.it/bJoM9h,4.5,,"2020s, love sucks movie fest 2025, w/ dad, i love my dad, good score, good cinematography, good acting, good casting, good dialogue, hey that's the name of the movie, stressful!",2025-11-15
2025-11-19,Dune,2021,https://boxd.it/bLtYRt,4.5,Yes,"2020s, love sucks movie fest 2025, w/ dad, good cinematography, beautiful, good acting, good styling, good dialogue, smoke a j first, good score, hey that's the name of the movie, best cinematography winner, best sound winner, best original score winner, best production design winner, best editing winner, best special effects winner",2025-11-18
2025-11-22,Memories of Murder,2003,https://boxd.it/bNoSXj,4.5,,"2000s, love sucks movie fest 2025, !american, !in english, notable fourth wall break, criterion collection, neon, good cinematography, good acting, good score, cops",2025-11-21
2025-11-24,Spider-Man: Into the Spider-Verse,2018,https://boxd.it/bOXxsD,5,Yes,"2010s, love sucks movie fest 2025, w/ emily r, beautiful, so much fun, good dialogue, smoke a j first, good score, good soundtrack, best animated movie winner, visually gorgeous, superheroes, nyc",2025-11-23
2025-11-27,Lady Vengeance,2005,https://boxd.it/bR0S2P,4,,"2000s, love sucks movie fest 2025, revenge, !american, !in english, female writer, notable fourth wall break, good cinematography, beautiful, incredible performance, good for her",2025-11-26
2025-11-28,The Square,2017,https://boxd.it/bRuIOz,3,,"2010s, love sucks movie fest 2025, !american, !in english, palme d'or winner, hey that's the name of the movie, long review",2025-11-27
2025-11-28,Bridesmaids,2011,https://boxd.it/bRA22l,4,Yes,"2010s, love sucks movie fest 2025, w/ mom, w/ dad, w/ emily, so much fun, good dialogue, hey that's the name of the movie, gay halloween, nostalgic <3, female writer",2025-11-27
2025-11-30,Wicked: For Good,2025,https://boxd.it/bSMprV,2.5,,"2020s, love sucks movie fest 2025, w/ emily r, theater, musical, fabulous title card",2025-11-29
2025-12-01,Knives Out,2019,https://boxd.it/bTOVMz,4.5,Yes,"2010s, love sucks movie fest 2025, something wellesley this way comes, good acting, so much fun, good styling, good dialogue, massholes, murder mystery",2025-11-30
2025-12-02,Glass Onion,2022,https://boxd.it/bUrclV,3,Yes,"2020s, love sucks movie fest 2025, murder mystery, notable fourth wall break, so much fun, w/ emily r, hey that's the name of the movie",2025-12-01
2025-12-06,Hot Rod,2007,https://boxd.it/bWNsqz,4,,"2000s, love sucks movie fest 2025, w/ briana, watched in tahoe, smoke a j first, so much fun, good dialogue, feeling seen",2025-12-05
2025-12-07,Charlie's Angels,2000,https://boxd.it/bXB86J,2.5,Yes,"love sucks movie fest 2025, w/ briana, watched in tahoe, suspicious wig work, gorgeous cars, spy movie, nostalgic <3, gay halloween, camp",2025-12-06
2025-12-07,Charlie's Angels: Full Throttle,2003,https://boxd.it/bXF8yh,3,Yes,"love sucks movie fest 2025, w/ briana, watched in tahoe, gorgeous cars",2025-12-06
2025-12-08,The Fast and the Furious: Tokyo Drift,2006,https://boxd.it/bYwp3h,3.5,,"2000s, love sucks movie fest 2025, gorgeous cars, so much fun, smoke a j first, camp, idk how to rate this, w/ briana, mafia movie, dubious accents, bechdel fail, watched in tahoe",2025-12-07
2025-12-14,Pearl,2022,https://boxd.it/c2uepj,3.5,,"2020s, love sucks movie fest 2025, a24, incredible performance, female writer, hey that's the name of the movie",2025-12-13
2025-12-14,Wake Up Dead Man,2025,https://boxd.it/c2Fo6t,4,,"2020s, love sucks movie fest 2025, murder mystery, so much fun, good acting, good dialogue, w/ dad, w/ mom",2025-12-13
2025-12-18,Elf,2003,https://boxd.it/c67A2r,3.5,Yes,"2000s, holiday movie, love sucks movie fest 2025, so much fun, w/ mom, i love my mom, hey that's the name of the movie, nostalgic <3, nyc",2025-12-17
2025-12-20,Anatomy of a Fall,2023,https://boxd.it/c7VoXf,4.5,,"2020s, love sucks movie fest 2025, palme d'or winner, !american, !in english, criterion collection, female director, female writer, best screenplay winner, neon, good acting, incredible performance, mooford loved this",2025-12-19
2025-12-21,Terminator 2: Judgment Day,1991,https://boxd.it/c9desL,3,,"90s, love sucks movie fest 2025, w/ mom, w/ dad, w/ henry, smoke a j first",2025-12-20
2025-12-23,It Was Just an Accident,2025,https://boxd.it/cbtAET,4.5,,"2020s, love sucks movie fest 2025, palme d'or winner, !american, !in english, stressful!, neon, good cinematography, good acting, hey that's the name of the movie, criterion collection",2025-12-22
2025-12-24,Harry Potter and the Philosopher's Stone,2001,https://boxd.it/ccBw2r,,Yes,"2000s, w/ mom, w/ emily, w/ dad",2025-12-23
2025-12-25,No Other Choice,2025,https://boxd.it/cdiRCh,4,,"2020s, love sucks movie fest 2025, neon, !american, !in english, mooford loved this, good cinematography, good editing, good acting, hey that's the name of the movie, stressful!",2025-12-24
2025-12-25,The Mastermind,2025,https://boxd.it/cdtJRF,2.5,,"2020s, love sucks movie fest 2025, massholes, heist movie, good score, hey that's the name of the movie, female writer, female director, good cinematography",2025-12-24
2025-12-25,How the Grinch Stole Christmas!,1966,https://boxd.it/cdC0F3,,Yes,"60s, holiday movie, mooford loved this, w/ mom, w/ henry, w/ dad, beautiful, bechdel fail, nostalgic <3",2025-12-24
2025-12-25,Rudolph the Red-Nosed Reindeer,1964,https://boxd.it/cdHCOd,,Yes,"60s, w/ emily, w/ mom, w/ dad, w/ henry, holiday movie, hey that's the name of the movie, nostalgic <3",2025-12-24
2025-12-26,Fantastic Mr. Fox,2009,https://boxd.it/ceT9sF,5,Yes,"2000s, love sucks movie fest 2025, w/ mom, w/ dad, w/ henry, w/ emily, beautiful, so much fun, good dialogue, criterion collection, bechdel fail, nostalgic <3, i love my dad, visually gorgeous, hey that's the name of the movie, long review",2025-12-25
2025-12-27,Sentimental Value,2025,https://boxd.it/cfFEXv,5,,"2020s, love sucks movie fest 2025, w/ dad, w/ mom, neon, !american, !in english, hey that's the name of the movie, movie about making movies, good cinematography, beautiful, good acting, good styling, incredible performance, feeling seen, i love my dad, long review, criterion collection, profile",2025-12-26
2025-12-27,Friendship,2024,https://boxd.it/cg53cz,3,,"2020s, love sucks movie fest 2025, smoke a j first, w/ dad, w/ mom, good dialogue, hey that's the name of the movie, bechdel fail, i love my dad, directorial debut, a24, stressful!",2025-12-26
2025-12-29,Millennium Mambo,2001,https://boxd.it/chQchh,4,,"2000s, !american, !in english, good cinematography, beautiful, love sucks movie fest 2025, bechdel fail, color grading perfection, visually gorgeous, female writer",2025-12-28
2025-12-30,The Worst Person in the World,2021,https://boxd.it/cjmZrj,4.5,,"2020s, love sucks movie fest 2025, !american, !in english, criterion collection, neon, beautiful, good acting, good styling, good dialogue, incredible performance, suspicious wig work, long review",2025-12-29
2025-12-30,Dune: Part Two,2024,https://boxd.it/cjQTDj,5,Yes,"2020s, w/ henry, love sucks movie fest 2025, good cinematography, beautiful, good styling, hey that's the name of the movie, good score, best sound winner, best special effects winner, bass pro shop",2025-12-29
2025-12-31,La Haine,1995,https://boxd.it/cl2St1,5,,"90s, love sucks movie fest 2025, !american, !in english, stressful!, criterion collection, good cinematography, beautiful, good acting, good dialogue, hey that's the name of the movie, bechdel fail, b&w, notable fourth wall break",2025-12-30
2026-01-02,Atomic Blonde,2017,https://boxd.it/cnfTbV,2.5,,"2010s, love sucks movie fest 2025, spy movie, notable fourth wall break, mooford loved this",2026-01-01
2026-01-04,Quantum of Solace,2008,https://boxd.it/cqzSYT,3,,"2000s, love sucks movie fest 2025, james bond, spy movie, bechdel fail",2026-01-03
2026-01-04,Gosford Park,2001,https://boxd.it/cqUm9B,4,,"2000s, love sucks movie fest 2025, murder mystery, best screenplay winner, good acting, good dialogue, needs a rewatch, one location",2026-01-03
2026-01-08,D.E.B.S.,2004,https://boxd.it/cw9Vuz,2.5,,"2000s, love sucks movie fest 2025, boots the house diva fierciosity, spy movie, female writer, female director, so much fun, smoke a j first, hey that's the name of the movie, camp, something wellesley this way comes, bechdel super pass, dubious accents",2026-01-07
2026-01-10,Mission: Impossible – The Final Reckoning,2025,https://boxd.it/cyqxPZ,3,,"2020s, love sucks movie fest 2025, mission: impossible, spy movie, russian bad guys, bass pro shop",2026-01-09
2026-01-13,Network,1976,https://boxd.it/cCb2En,4,,"70s, love sucks movie fest 2025, good dialogue, good acting, good cinematography, hey that's the name of the movie, incredible performance, criterion collection, w/ dad, national film registry, best screenplay winner, best actress winner, best actor winner, best supporting actress winner, perspicacious and prescient, nyc",2026-01-12
2026-01-14,Skyfall,2012,https://boxd.it/cD0g8d,4,,"2010s, love sucks movie fest 2025, hey that's the name of the movie, spy movie, james bond, w/ henry, good score, best sound winner",2026-01-13
2026-01-15,Burn After Reading,2008,https://boxd.it/cEaOtt,3.5,Yes,"love sucks movie fest 2025, woad, coen brothers",2026-01-14
2026-01-18,Decision to Leave,2022,https://boxd.it/cH5Xw9,4,,"2020s, love sucks movie fest 2025, good cinematography, good acting, hey that's the name of the movie, !american, female writer, incredible performance, good score, !in english, good editing, cops, symbolism central",2026-01-17
2026-01-19,Who Killed Captain Alex?,2010,https://boxd.it/cIiAbd,5,,"2010s, love sucks movie fest 2025, w/ dad, i love my dad, smoke a j first, !american, !in english, bass pro shop, notable fourth wall break, revenge, long review",2026-01-18
2026-01-22,Josie and the Pussycats,2001,https://boxd.it/cLrxvp,2.5,,"2000s, love sucks movie fest 2025, female writer, female director, notable fourth wall break, hey that's the name of the movie, gay halloween, idk how to rate this, boots the house diva fierciosity, nyc",2026-01-21
2026-01-23,Dahomey,2024,https://boxd.it/cMkvbx,,,"2020s, documentary, female writer, female director, !american, !in english, hey that's the name of the movie",2026-01-22
