Date,Name,Year,Letterboxd URI
2022-09-12,Last Night in Soho,2021,https://boxd.it/lbJC
2022-09-12,The Skeleton Twins,2014,https://boxd.it/7bCS
2022-09-12,Lost in Translation,2003,https://boxd.it/2b0E
2022-09-12,Palo Alto,2013,https://boxd.it/5Nzy
2022-09-12,Lady Bird,2017,https://boxd.it/dGNE
2022-09-12,The Farewell,2019,https://boxd.it/kIky
2022-09-12,Spring Breakers,2012,https://boxd.it/421s
2022-09-12,The Bling Ring,2013,https://boxd.it/3lPY
2022-09-12,Obvious Child,2014,https://boxd.it/7i3A
2022-09-12,Life After Beth,2014,https://boxd.it/7bqM
2022-09-12,How to Talk to Girls at Parties,2017,https://boxd.it/bo80
2022-09-12,mid90s,2018,https://boxd.it/fxIa
2022-09-12,The Last Black Man in San Francisco,2019,https://boxd.it/iWAw
2022-09-12,Marcel the Shell with Shoes On,2021,https://boxd.it/wMAk
2022-09-12,Confessions of a Shopaholic,2009,https://boxd.it/1E9e
2022-09-12,Footloose,2011,https://boxd.it/2cnk
2022-09-12,13 Going on 30,2004,https://boxd.it/1X6e
2022-09-12,Nine to Five,1980,https://boxd.it/1F2S
2022-09-12,Bend It Like Beckham,2002,https://boxd.it/2am0
2022-09-12,Ford v Ferrari,2019,https://boxd.it/ce74
2022-09-12,Le Mans,1971,https://boxd.it/22lo
2022-09-12,Little Women,1933,https://boxd.it/12RC
2022-09-12,Creature from the Black Lagoon,1954,https://boxd.it/1UXk
2022-09-12,Palm Springs,2020,https://boxd.it/lCXQ
2022-09-12,Hustlers,2019,https://boxd.it/jIBM
2022-09-12,Black Swan,2010,https://boxd.it/Sw0
2022-09-12,True Grit,2010,https://boxd.it/Sog
2022-09-12,White Noise,2022,https://boxd.it/rXgK
2022-09-12,Fruitvale Station,2013,https://boxd.it/4VRy
2022-09-12,World of Tomorrow Episode Two: The Burden of Other People's Thoughts,2017,https://boxd.it/gU8m
2022-09-12,Kicking and Screaming,1995,https://boxd.it/1pHK
2022-09-12,World of Tomorrow,2015,https://boxd.it/9Gr6
2022-09-12,Harold and Maude,1971,https://boxd.it/2axM
2022-09-12,Frances Ha,2012,https://boxd.it/41Xg
2022-09-12,Blindspotting,2018,https://boxd.it/hDMw
2022-09-12,Milk,2008,https://boxd.it/1WZC
2022-09-12,The Bridge,2006,https://boxd.it/28lO
2022-09-12,At Berkeley,2013,https://boxd.it/6iDw
2022-09-12,The Institute,2012,https://boxd.it/4ZQ0
2022-09-12,The Inventor: Out for Blood in Silicon Valley,2019,https://boxd.it/kLa2
2022-09-22,My Fair Lady,1964,https://boxd.it/1UBI
2022-09-22,Star Trek IV: The Voyage Home,1986,https://boxd.it/2aYe
2022-09-22,Over the Garden Wall,2014,https://boxd.it/eqFw
2022-09-22,Only Lovers Left Alive,2013,https://boxd.it/4O1U
2022-09-22,First Cow,2019,https://boxd.it/krga
2022-09-22,Brooklyn,2015,https://boxd.it/5bdk
2022-09-22,Call Me by Your Name,2017,https://boxd.it/dYmm
2022-09-22,Sabrina,1954,https://boxd.it/21tc
2022-09-22,Nomadland,2020,https://boxd.it/lnRy
2022-09-22,Won't You Be My Neighbor?,2018,https://boxd.it/hDPU
2022-09-22,Tigertail,2020,https://boxd.it/jRik
2022-09-22,Games People Play,2020,https://boxd.it/osiO
2022-09-22,Buffaloed,2019,https://boxd.it/jY24
2022-09-22,Julia,2021,https://boxd.it/uzNQ
2022-09-22,Licorice Pizza,2021,https://boxd.it/qTKY
2022-09-22,Three Thousand Years of Longing,2022,https://boxd.it/kmoy
2022-11-01,"Jeanne Dielman, 23, quai du Commerce, 1080 Bruxelles",1975,https://boxd.it/T18
2022-11-01,Pink Flamingos,1972,https://boxd.it/29NO
2022-11-01,Animal House,1978,https://boxd.it/2062
2022-11-01,The Bob's Burgers Movie,2022,https://boxd.it/if7w
2022-11-01,Vincent,1982,https://boxd.it/1hLa
2022-11-01,Mary and The Witch's Flower,2017,https://boxd.it/ffTY
2022-11-01,Bridget Jones's Diary,2001,https://boxd.it/29WQ
2022-11-01,The Sisterhood of the Traveling Pants,2005,https://boxd.it/1XPo
2022-11-01,"Angus, Thongs and Perfect Snogging",2008,https://boxd.it/1RpO
2022-11-01,Sleepover,2004,https://boxd.it/1XAS
2022-11-01,Hoop Dreams,1994,https://boxd.it/1Opc
2022-11-01,Senna,2010,https://boxd.it/kfE
2022-11-01,Pretend It's a City,2021,https://boxd.it/tlWs
2022-11-01,Keep Sweet: Pray and Obey,2022,https://boxd.it/Bgb8
2022-11-01,Iris,2014,https://boxd.it/9mmK
2022-11-01,The Booksellers,2019,https://boxd.it/nksO
2022-11-01,Rosaline,2022,https://boxd.it/v9Ue
2022-11-21,Escape from Alcatraz,1979,https://boxd.it/1Vwk
2022-11-21,Breakfast at Tiffany's,1961,https://boxd.it/2aYS
2022-11-21,All Quiet on the Western Front,1930,https://boxd.it/2b2g
2022-11-21,Frankenstein,1931,https://boxd.it/25Te
2022-11-21,Gaslight,1944,https://boxd.it/1PYs
2022-11-21,Dracula,1958,https://boxd.it/1STA
2022-11-21,Young Frankenstein,1974,https://boxd.it/25To
2022-11-21,All the President's Men,1976,https://boxd.it/29lU
2022-11-21,Mad Max,1979,https://boxd.it/1Y7i
2022-11-21,Persepolis,2007,https://boxd.it/27DC
2022-11-21,All Quiet on the Western Front,2022,https://boxd.it/H08
2022-11-21,I Am Not Your Negro,2016,https://boxd.it/etXy
2022-11-21,The Times of Harvey Milk,1984,https://boxd.it/1g1U
2022-11-21,The Black Power Mixtape 1967-1975,2011,https://boxd.it/2ypM
2022-11-21,Bottle Rocket,1993,https://boxd.it/pP8
2022-11-21,Emma,1996,https://boxd.it/25c0
2022-11-21,Empire Records,1995,https://boxd.it/1PY8
2022-11-21,John Tucker Must Die,2006,https://boxd.it/1Z2S
2022-11-21,Lady Macbeth,2016,https://boxd.it/erJk
2022-11-21,The Beguiled,2017,https://boxd.it/dZ1k
2022-11-26,The Life Aquatic with Steve Zissou,2004,https://boxd.it/2aqw
2022-11-26,Bottle Rocket,1996,https://boxd.it/1PDa
2022-11-26,Hotel Chevalier,2007,https://boxd.it/21Ic
2022-11-26,Castello Cavalcanti,2013,https://boxd.it/6WlM
2023-01-01,The Nun,1966,https://boxd.it/WbK
2023-04-22,Renfield,2023,https://boxd.it/o8vy
2023-04-22,Air,2023,https://boxd.it/Arlc
2023-04-28,Tell Your Children,1936,https://boxd.it/17py
2023-04-28,Bride of Frankenstein,1935,https://boxd.it/2aPc
2023-04-28,Blazing Saddles,1974,https://boxd.it/1UHQ
2023-04-28,Boogie Nights,1997,https://boxd.it/23um
2023-04-28,Caddyshack,1980,https://boxd.it/1SCO
2023-04-28,Coming to America,1988,https://boxd.it/1Ygu
2023-04-28,M*A*S*H,1970,https://boxd.it/29U6
2023-04-28,"Good Morning, Vietnam",1987,https://boxd.it/29Aq
2023-04-28,And Then There Were None,2015,https://boxd.it/cTHC
2023-04-28,The Pale Horse,2020,https://boxd.it/p1Qc
2023-04-28,Rebecca,1940,https://boxd.it/2aQa
2023-04-28,The Name of the Rose,1986,https://boxd.it/2aUw
2023-04-28,Crooked House,2017,https://boxd.it/ePQE
2023-04-28,The Usual Suspects,1995,https://boxd.it/29XE
2023-04-28,The Pale Blue Eye,2022,https://boxd.it/u8tk
2023-04-28,The ABC Murders,2018,https://boxd.it/kP5g
2023-04-28,Jane Eyre,2006,https://boxd.it/8DUM
2023-04-28,Russian Ark,2002,https://boxd.it/1JQM
2023-04-28,Judy & Punch,2019,https://boxd.it/ij9w
2023-04-28,Emily,2022,https://boxd.it/qrMC
2023-09-09,Asteroid City,2023,https://boxd.it/s3ds
2023-09-09,Aftersun,2022,https://boxd.it/Arw0
2023-09-09,Dungeons & Dragons: Honor Among Thieves,2023,https://boxd.it/hN1A
2023-09-09,Teenage Mutant Ninja Turtles: Mutant Mayhem,2023,https://boxd.it/mK0a
2023-09-09,Priscilla,2023,https://boxd.it/Cz3k
2023-09-09,Next Goal Wins,2023,https://boxd.it/mZTu
2023-09-09,Stephen Curry: Underrated,2023,https://boxd.it/wuUw
2023-09-09,The Color Purple,2023,https://boxd.it/ksja
2023-09-09,The Banshees of Inisherin,2022,https://boxd.it/p7XS
2023-09-09,Women Talking,2022,https://boxd.it/tdq4
2023-09-09,Emily the Criminal,2022,https://boxd.it/wBOq
2023-09-09,The Blackening,2022,https://boxd.it/C6VM
2023-09-09,System Crasher,2019,https://boxd.it/kO1W
2023-09-09,Shiva Baby,2020,https://boxd.it/oIv0
2023-09-09,Working Girls,1986,https://boxd.it/3kYA
2023-09-16,Past Lives,2023,https://boxd.it/oNB8
2023-09-16,Taxi Driver,1976,https://boxd.it/2b8y
2023-10-09,Diary of a Mad Black Woman,2005,https://boxd.it/1KDE
2023-10-09,Roxanne,1987,https://boxd.it/1TuG
2023-10-26,Killers of the Flower Moon,2023,https://boxd.it/gHp0
2023-10-26,Totally Killer,2023,https://boxd.it/AOpG
2023-11-26,The Killer,2023,https://boxd.it/u6WE
2023-11-26,The Marvels,2023,https://boxd.it/mwU4
2023-11-26,"Planes, Trains and Automobiles",1987,https://boxd.it/26zE
2023-11-26,The Boy and the Heron,2023,https://boxd.it/ipeM
2023-11-26,The Wonderful Story of Henry Sugar,2023,https://boxd.it/yNyo
2023-11-26,Poison,2023,https://boxd.it/Is7Q
2023-11-26,The Rat Catcher,2023,https://boxd.it/Is8a
2023-11-26,The Swan,2023,https://boxd.it/Is80
2023-11-26,Strange Way of Life,2023,https://boxd.it/Aomw
2023-11-26,Eyes Wide Shut,1999,https://boxd.it/2axs
2023-11-26,Paprika,2006,https://boxd.it/23wW
2023-11-26,They Cloned Tyrone,2023,https://boxd.it/rE7a
2024-01-03,Once Upon a Time in the West,1968,https://boxd.it/2az4
2024-01-03,Witness for the Prosecution,1957,https://boxd.it/18H4
2024-01-04,Poetic Justice,1993,https://boxd.it/20og
2024-01-06,American Fiction,2023,https://boxd.it/DYHm
2024-01-10,The Talented Mr. Ripley,1999,https://boxd.it/2924
2024-02-17,The Peasants,2023,https://boxd.it/rwWa
2024-03-04,The Iron Claw,2023,https://boxd.it/w5Pm
2024-08-11,Soapdish,1991,https://boxd.it/1vzi
2024-09-07,The Hot Chick,2002,https://boxd.it/1SW0
2024-09-23,Seeking Mavis Beacon,2024,https://boxd.it/zzKM
2024-09-28,Big Fish,2003,https://boxd.it/2a3M
2024-10-11,Freeway II: Confessions of a Trickbaby,1999,https://boxd.it/12To
2024-10-11,Mod Fuck Explosion,1994,https://boxd.it/7lew
2024-10-11,Labyrinth,1986,https://boxd.it/1POC
2024-10-11,The Addams Family,1991,https://boxd.it/267g
2024-10-11,Maximum Overdrive,1986,https://boxd.it/1XnO
2024-10-12,Mermaids,1990,https://boxd.it/244u
2024-10-12,Rebel Without a Cause,1955,https://boxd.it/2aQu
2024-10-12,Bitch Slap,2009,https://boxd.it/1tjM
2024-10-12,Zombie Ass: Toilet of the Dead,2011,https://boxd.it/3to2
2024-10-18,Arsenic and Old Lace,1944,https://boxd.it/2aRW
2024-10-18,Galaxy Quest,1999,https://boxd.it/29gq
2024-10-18,Being John Malkovich,1999,https://boxd.it/2ahu
2024-10-18,Murder by Death,1976,https://boxd.it/228k
2024-10-27,How to Lose a Guy in 10 Days,2003,https://boxd.it/1XwG
2024-11-09,Seven Samurai,1954,https://boxd.it/2axi
2024-11-09,The Wild Robot,2024,https://boxd.it/IWFy
2024-11-09,Joker: Folie à Deux,2024,https://boxd.it/xBoE
2024-11-10,The Last of Sheila,1973,https://boxd.it/1u5G
2024-11-22,Gladiator II,2024,https://boxd.it/kqQQ
2024-11-25,Risky Business,1983,https://boxd.it/1YUE
2024-11-25,Brazil,1985,https://boxd.it/2be2
2024-12-06,Talk to Me,2022,https://boxd.it/C6uQ
2024-12-09,Blink Twice,2024,https://boxd.it/vIOg
2024-12-09,Smile 2,2024,https://boxd.it/FDA4
2024-12-16,Queer,2024,https://boxd.it/E4RW
2024-12-19,Melancholia,2011,https://boxd.it/bPI
2024-12-24,Death Proof,2007,https://boxd.it/27GG
2024-12-24,The Conformist,1970,https://boxd.it/20cE
2024-12-26,Secretary,2002,https://boxd.it/1URc
2024-12-29,Raging Bull,1980,https://boxd.it/28yI
2024-12-29,Midnight Cowboy,1969,https://boxd.it/25Hi
2024-12-29,My Cousin Vinny,1992,https://boxd.it/1WpO
2025-01-02,Let's Scare Jessica to Death,1971,https://boxd.it/1KI0
2025-01-02,The Velvet Vampire,1971,https://boxd.it/1ohw
2025-01-02,You'll Like My Mother,1972,https://boxd.it/4Aue
2025-01-03,Tightrope,1984,https://boxd.it/1TbE
2025-01-05,I ♥ Huckabees,2004,https://boxd.it/28vk
2025-01-05,All We Imagine as Light,2024,https://boxd.it/yXaQ
2025-01-05,Girls Will Be Girls,2024,https://boxd.it/FVUw
2025-01-08,A Streetcar Named Desire,1951,https://boxd.it/29Mc
2025-01-08,American Graffiti,1973,https://boxd.it/29us
2025-01-08,Spartacus,1960,https://boxd.it/29bq
2025-01-08,Who's Afraid of Virginia Woolf?,1966,https://boxd.it/2atK
2025-01-08,Every Which Way but Loose,1978,https://boxd.it/1MhA
2025-01-10,Before Sunrise,1995,https://boxd.it/2bcU
2025-01-11,Scent of a Woman,1992,https://boxd.it/1YAu
2025-01-11,Glengarry Glen Ross,1992,https://boxd.it/1Yw8
2025-01-11,Cruising,1980,https://boxd.it/1qzW
2025-01-11,Dick Tracy,1990,https://boxd.it/201w
2025-01-11,Angels in America,2003,https://boxd.it/1yug
2025-01-12,Metropolis,1927,https://boxd.it/71a
2025-01-12,The Last Showgirl,2024,https://boxd.it/KWtm
2025-01-12,Trantasia,2007,https://boxd.it/2LPe
2025-01-12,The Cabinet of Dr. Caligari,1920,https://boxd.it/2aOo
2025-01-12,The Passion of Joan of Arc,1928,https://boxd.it/29DO
2025-01-12,Blackmail,1929,https://boxd.it/2aao
2025-01-12,All of Us Strangers,2023,https://boxd.it/Bz3C
2025-01-12,Saint Maud,2019,https://boxd.it/l8QA
2025-01-12,Eighth Grade,2018,https://boxd.it/hDMG
2025-01-12,Raw,2016,https://boxd.it/dLd2
2025-01-12,Moon,2009,https://boxd.it/1IGQ
2025-01-12,Team America: World Police,2004,https://boxd.it/24QS
2025-01-13,The Witches,1990,https://boxd.it/1WVg
2025-01-13,The Witch,2015,https://boxd.it/9X0m
2025-01-13,Schindler's List,1993,https://boxd.it/2aq2
2025-01-13,The Pianist,2002,https://boxd.it/2aqc
2025-01-13,The Virgin Suicides,1999,https://boxd.it/28JG
2025-01-13,The Florida Project,2017,https://boxd.it/dMG0
2025-01-13,American Beauty,1999,https://boxd.it/71Y
2025-01-13,The Killing of a Sacred Deer,2017,https://boxd.it/dZ5G
2025-01-13,Stand by Me,1986,https://boxd.it/2aOe
2025-01-13,May December,2023,https://boxd.it/vEE2
2025-01-13,The Exorcist,1973,https://boxd.it/1Yoo
2025-01-13,Thirteen,2003,https://boxd.it/1UPK
2025-01-13,Audition,1999,https://boxd.it/1UHm
2025-01-13,Ghost World,2001,https://boxd.it/28Dy
2025-01-13,Basic Instinct,1992,https://boxd.it/2asM
2025-01-13,Sick of Myself,2022,https://boxd.it/tEzs
2025-01-13,Un Chien Andalou,1929,https://boxd.it/29Y8
2025-01-13,A Single Man,2009,https://boxd.it/1dx4
2025-01-13,Coyote Ugly,2000,https://boxd.it/21PW
2025-01-13,Céline and Julie Go Boating,1974,https://boxd.it/1sGA
2025-01-13,The Velvet Underground,2021,https://boxd.it/jPXA
2025-01-13,Single White Female,1992,https://boxd.it/1Yg0
2025-01-13,What Have I Done to Deserve This?,1984,https://boxd.it/20t6
2025-01-13,Sidewalk Stories,1989,https://boxd.it/2wIs
2025-01-13,The Haunting,1963,https://boxd.it/1T7M
2025-01-13,Strange Days,1995,https://boxd.it/2aGO
2025-01-13,Rockers,1978,https://boxd.it/1LFm
2025-01-13,The Zone of Interest,2023,https://boxd.it/gJsA
2025-01-13,Juice,1992,https://boxd.it/1KK6
2025-01-13,The Departed,2006,https://boxd.it/28MA
2025-01-13,The Holdovers,2023,https://boxd.it/vHza
2025-01-13,Slums of Beverly Hills,1998,https://boxd.it/1NCO
2025-01-13,A Thousand and One,2023,https://boxd.it/wi60
2025-01-13,The African Desperate,2022,https://boxd.it/yImC
2025-01-13,Shakespeare in Love,1998,https://boxd.it/27Pe
2025-01-13,Desert Hearts,1985,https://boxd.it/2aFc
2025-01-13,"Girl, Interrupted",1999,https://boxd.it/25ds
2025-01-13,Maria,2024,https://boxd.it/Dh4c
2025-01-13,M,1931,https://boxd.it/29vq
2025-01-13,Chinatown,1974,https://boxd.it/29vU
2025-01-13,Ichi the Killer,2001,https://boxd.it/1Y1O
2025-01-13,Sansho the Bailiff,1954,https://boxd.it/1Dkq
2025-01-13,Mad Max 2,1981,https://boxd.it/1ZPg
2025-01-13,Close-Up,1990,https://boxd.it/1m9q
2025-01-13,Citizen Kane,1941,https://boxd.it/71O
2025-01-13,Akira,1988,https://boxd.it/2b1i
2025-01-13,Three Colours: Red,1994,https://boxd.it/2b7q
2025-01-13,Bacurau,2019,https://boxd.it/fSUG
2025-01-13,Eyes Without a Face,1960,https://boxd.it/1j9i
2025-01-13,Stop Making Sense,1984,https://boxd.it/1ygo
2025-01-13,Magnolia,1999,https://boxd.it/2aze
2025-01-13,Rocco and His Brothers,1960,https://boxd.it/20bG
2025-01-13,Klaus,2019,https://boxd.it/ipoi
2025-01-13,Day of the Dead,1985,https://boxd.it/20dM
2025-01-13,Pig,2021,https://boxd.it/nzoW
2025-01-13,Solaris,1972,https://boxd.it/2a2Y
2025-01-13,The Insider,1999,https://boxd.it/1ZoE
2025-01-13,"Synecdoche, New York",2008,https://boxd.it/23zw
2025-01-13,Pulp Fiction,1994,https://boxd.it/29Pq
2025-01-13,The Long Goodbye,1973,https://boxd.it/281O
2025-01-13,Still Walking,2008,https://boxd.it/1wvm
2025-01-13,Female Trouble,1974,https://boxd.it/1Oqk
2025-01-13,Before Sunset,2004,https://boxd.it/2bcg
2025-01-13,Full Metal Jacket,1987,https://boxd.it/2a1Q
2025-01-13,Cinema Paradiso,1988,https://boxd.it/1UlA
2025-01-13,Dogtooth,2009,https://boxd.it/158K
2025-01-13,Malcolm & Marie,2021,https://boxd.it/r5cO
2025-01-13,The Green Knight,2021,https://boxd.it/kuy2
2025-01-13,I Care a Lot,2020,https://boxd.it/mcHk
2025-01-13,Ingrid Goes West,2017,https://boxd.it/evUQ
2025-01-13,Forgetting Sarah Marshall,2008,https://boxd.it/1XEq
2025-01-13,300,2006,https://boxd.it/28XI
2025-01-13,Pride & Prejudice,2005,https://boxd.it/24u8
2025-01-13,But I'm a Cheerleader,1999,https://boxd.it/1CW4
2025-01-13,Saving Private Ryan,1998,https://boxd.it/29ro
2025-01-14,Vampyr,1932,https://boxd.it/29DY
2025-01-14,Matthias & Maxime,2019,https://boxd.it/iOQ2
2025-01-14,Scrapper,2023,https://boxd.it/zht4
2025-01-14,Triangle of Sadness,2022,https://boxd.it/hXlq
2025-01-14,Humanist Vampire Seeking Consenting Suicidal Person,2023,https://boxd.it/Blzk
2025-01-15,Tommy,1975,https://boxd.it/1U7S
2025-01-15,Frisk,1995,https://boxd.it/10Bs
2025-01-15,Ring Master,2014,https://boxd.it/7Vfq
2025-01-16,Vampyros Lesbos,1971,https://boxd.it/1IO6
2025-01-16,The Peacemaker,1997,https://boxd.it/21sS
2025-01-16,The Apprentice,2024,https://boxd.it/IPqG
2025-01-16,A Different Man,2024,https://boxd.it/BoEC
2025-01-18,Girls Town,1996,https://boxd.it/3IGg
2025-01-19,Party Monster,2003,https://boxd.it/28NI
2025-01-19,Party Girl,1995,https://boxd.it/1b7e
2025-01-19,Project X,2012,https://boxd.it/neO
2025-01-19,Velvet Goldmine,1998,https://boxd.it/2878
2025-01-19,Across the Universe,2007,https://boxd.it/23X4
2025-01-20,Flash Gordon,1980,https://boxd.it/257a
2025-01-21,The Elephant Man,1980,https://boxd.it/27LQ
2025-01-21,Twin Peaks,1989,https://boxd.it/g8pk
2025-01-21,Inland Empire,2006,https://boxd.it/28d6
2025-01-22,Gattaca,1997,https://boxd.it/29Du
2025-01-22,The Phantom of Liberty,1974,https://boxd.it/22VG
2025-01-22,The Player,1992,https://boxd.it/1WlM
2025-01-22,Amarcord,1973,https://boxd.it/20NA
2025-01-22,Time Bandits,1981,https://boxd.it/19KI
2025-01-22,Insignificance,1985,https://boxd.it/XUc
2025-01-22,La Ciénaga,2001,https://boxd.it/kpk
2025-01-22,Zama,2017,https://boxd.it/aDDq
2025-01-22,Punch-Drunk Love,2002,https://boxd.it/20E4
2025-01-22,Stalker,1979,https://boxd.it/28PO
2025-01-22,Fear and Loathing in Las Vegas,1998,https://boxd.it/27Xs
2025-01-22,Crash,1996,https://boxd.it/29n2
2025-01-22,Petite Maman,2021,https://boxd.it/s6je
2025-01-22,PlayTime,1967,https://boxd.it/1WLK
2025-01-22,The Piano,1993,https://boxd.it/29Kq
2025-01-22,Paper Moon,1973,https://boxd.it/1Ud2
2025-01-22,Fanny and Alexander,1982,https://boxd.it/22go
2025-01-22,Naked Lunch,1991,https://boxd.it/26ow
2025-01-22,Withnail & I,1987,https://boxd.it/1Qa4
2025-01-22,Band of Outsiders,1964,https://boxd.it/20Aw
2025-01-22,Slacker,1990,https://boxd.it/1OUu
2025-01-22,Werckmeister Harmonies,2000,https://boxd.it/1zzw
2025-01-22,Yi Yi,2000,https://boxd.it/1vCw
2025-01-22,Dekalog,1989,https://boxd.it/bv4u
2025-01-22,High and Low,1963,https://boxd.it/1RSc
2025-01-22,A Brighter Summer Day,1991,https://boxd.it/1Luy
2025-01-22,Three Colours: Blue,1993,https://boxd.it/2b7K
2025-01-22,Scenes from a Marriage,1974,https://boxd.it/4kJC
2025-01-22,Where Is the Friend's House?,1987,https://boxd.it/ELg
2025-01-22,Z,1969,https://boxd.it/26pY
2025-01-22,Taste of Cherry,1997,https://boxd.it/1m8W
2025-01-22,In the Mood for Love,2000,https://boxd.it/29tE
2025-01-22,Sound of Metal,2019,https://boxd.it/i7Q4
2025-01-22,Chungking Express,1994,https://boxd.it/1UDa
2025-01-22,Thelma & Louise,1991,https://boxd.it/28Ew
2025-01-22,The Graduate,1967,https://boxd.it/18Im
2025-01-22,Inside Llewyn Davis,2013,https://boxd.it/34Ro
2025-01-22,Videodrome,1983,https://boxd.it/29uC
2025-01-22,Lost Highway,1997,https://boxd.it/29Wc
2025-01-22,Y Tu Mamá También,2001,https://boxd.it/28QM
2025-01-22,A Woman Under the Influence,1974,https://boxd.it/1myg
2025-01-22,Badlands,1973,https://boxd.it/25Fm
2025-01-22,Bound,1996,https://boxd.it/1Z1g
2025-01-22,Cold War,2018,https://boxd.it/fEoc
2025-01-22,Thief,1981,https://boxd.it/1TEc
2025-01-22,Wings of Desire,1987,https://boxd.it/2b26
2025-01-22,Storytelling,2001,https://boxd.it/1JYm
2025-01-22,DRIB,2017,https://boxd.it/eFGY
2025-01-22,Deerskin,2019,https://boxd.it/lqOW
2025-01-22,The Death of Stalin,2017,https://boxd.it/ea9Y
2025-01-22,Force Majeure,2014,https://boxd.it/7UcA
2025-01-22,Opening Night,1977,https://boxd.it/1f4e
2025-01-22,Dead or Alive,1999,https://boxd.it/1U9u
2025-01-22,The Killing of a Chinese Bookie,1976,https://boxd.it/1hS6
2025-01-22,Faces,1968,https://boxd.it/29Ia
2025-01-22,Shadows,1958,https://boxd.it/1M9c
2025-01-22,8½,1963,https://boxd.it/2aqm
2025-01-22,La Strada,1954,https://boxd.it/2asi
2025-01-22,A Constant Forge,2000,https://boxd.it/1Rk
2025-01-22,Vagabond,1985,https://boxd.it/T0u
2025-01-22,La Pointe Courte,1955,https://boxd.it/ui4
2025-01-22,The Beaches of Agnès,2008,https://boxd.it/14Y6
2025-01-22,Being There,1979,https://boxd.it/1WxS
2025-01-22,One Hundred and One Nights,1995,https://boxd.it/3iuI
2025-01-22,Black Panthers,1968,https://boxd.it/4BCe
2025-01-22,Sans Soleil,1983,https://boxd.it/28B8
2025-01-22,Easy Rider,1969,https://boxd.it/29Ys
2025-01-22,Shampoo,1975,https://boxd.it/1jNW
2025-01-22,The Doom Generation,1995,https://boxd.it/1PVe
2025-01-22,Totally F***ed Up,1993,https://boxd.it/1fg0
2025-01-23,Rosetta,1999,https://boxd.it/1TJw
2025-01-23,Black Orpheus,1959,https://boxd.it/11PU
2025-01-23,Lola,1961,https://boxd.it/11ho
2025-01-23,Malcolm X,1992,https://boxd.it/27WE
2025-01-23,Agnès Varda: From Here to There,2011,https://boxd.it/6AG4
2025-01-23,Ran,1985,https://boxd.it/1Tlu
2025-01-23,Mon Oncle,1958,https://boxd.it/2apy
2025-01-23,Wanda,1970,https://boxd.it/2OjK
2025-01-23,The Piano Teacher,2001,https://boxd.it/2886
2025-01-23,Trainspotting,1996,https://boxd.it/29XY
2025-01-23,The 400 Blows,1959,https://boxd.it/2b1C
2025-01-23,To Sleep with Anger,1990,https://boxd.it/3iqG
2025-01-23,Tampopo,1985,https://boxd.it/1SZe
2025-01-23,The Manchurian Candidate,1962,https://boxd.it/299Y
2025-01-23,The Bitter Tears of Petra von Kant,1972,https://boxd.it/1WzE
2025-01-23,Invasion of the Body Snatchers,1978,https://boxd.it/1SWk
2025-01-24,Sing Sing,2023,https://boxd.it/HIBA
2025-01-24,City of God,2002,https://boxd.it/2a2a
2025-01-24,Pixote,1980,https://boxd.it/XCs
2025-01-24,Central Station,1998,https://boxd.it/29RG
2025-01-24,Aquarius,2016,https://boxd.it/d6YQ
2025-01-24,"Black God, White Devil",1964,https://boxd.it/2fmY
2025-01-24,Entranced Earth,1967,https://boxd.it/qkU
2025-01-24,Neighboring Sounds,2012,https://boxd.it/3nzS
2025-01-24,A Dog's Will,2000,https://boxd.it/12u4
2025-01-24,The Second Mother,2015,https://boxd.it/9Ydm
2025-01-24,Limite,1931,https://boxd.it/20iW
2025-01-24,Behind the Sun,2001,https://boxd.it/1blU
2025-01-24,The Given Word,1962,https://boxd.it/h6Y
2025-01-24,Barren Lives,1963,https://boxd.it/29uM
2025-01-24,"São Paulo, Incorporated",1965,https://boxd.it/2BaA
2025-01-24,Twenty Years Later,1984,https://boxd.it/33Oo
2025-01-24,Memoria,2021,https://boxd.it/iwtE
2025-01-24,One of Them Days,2025,https://boxd.it/MReU
2025-01-24,Moulin Rouge!,2001,https://boxd.it/29wI
2025-01-26,How to Murder Your Wife,1965,https://boxd.it/1tnu
2025-01-26,Autumn Sonata,1978,https://boxd.it/1Rio
2025-01-26,Murder on the Orient Express,1974,https://boxd.it/24IY
2025-01-26,The Snails,1966,https://boxd.it/3Shq
2025-01-26,Midsommar,2019,https://boxd.it/jhxe
2025-01-26,The Hunt,2012,https://boxd.it/3wEC
2025-01-26,Four Lions,2010,https://boxd.it/18do
2025-01-26,John Wick: Chapter 2,2017,https://boxd.it/ayGu
2025-01-26,The Green Ray,1986,https://boxd.it/t8W
2025-01-26,You Were Never Really Here,2017,https://boxd.it/dWOS
2025-01-26,Mirror,1975,https://boxd.it/28Q8
2025-01-26,Le Samouraï,1967,https://boxd.it/22ZI
2025-01-26,The Human Condition I: No Greater Love,1959,https://boxd.it/1jAy
2025-01-26,After Hours,1985,https://boxd.it/1VfS
2025-01-26,Throne of Blood,1957,https://boxd.it/251w
2025-01-26,The Conversation,1974,https://boxd.it/2a38
2025-01-26,Stranger Than Paradise,1984,https://boxd.it/2ajU
2025-01-26,Come and See,1985,https://boxd.it/1w9q
2025-01-26,The Cremator,1969,https://boxd.it/1H8y
2025-01-26,Corpus Christi,2019,https://boxd.it/gULy
2025-01-26,The Thing,1982,https://boxd.it/294O
2025-01-26,Brokeback Mountain,2005,https://boxd.it/2b2q
2025-01-26,Fight Club,1999,https://boxd.it/2a9q
2025-01-26,L.A. Confidential,1997,https://boxd.it/27oC
2025-01-26,Talk to Her,2002,https://boxd.it/2beG
2025-01-26,Evil Dead II,1987,https://boxd.it/29Ge
2025-01-26,The Emperor's Naked Army Marches On,1987,https://boxd.it/AeC
2025-01-27,Hard Eight,1996,https://boxd.it/20DU
2025-01-27,House of Flying Daggers,2004,https://boxd.it/1YoI
2025-01-27,Black Narcissus,1947,https://boxd.it/1Kce
2025-01-28,The Cell,2000,https://boxd.it/1ZLS
2025-01-28,Cha Cha Real Smooth,2022,https://boxd.it/uF8E
2025-01-28,2001: A Space Odyssey,1968,https://boxd.it/2bf0
2025-01-29,Bunnylovr,2025,https://boxd.it/QxM6
2025-01-29,The Addiction,1995,https://boxd.it/1cZQ
2025-01-29,Better Man,2024,https://boxd.it/u6t8
2025-01-29,The Girl with the Needle,2024,https://boxd.it/KQ3M
2025-01-29,The Seed of the Sacred Fig,2024,https://boxd.it/MKo4
2025-01-30,Under the Skin,2013,https://boxd.it/3mDa
2025-02-01,The Shape of Water,2017,https://boxd.it/dZ5m
2025-02-01,Moonlight,2016,https://boxd.it/d6bE
2025-02-01,Birdman or (The Unexpected Virtue of Ignorance),2014,https://boxd.it/5RFA
2025-02-01,12 Years a Slave,2013,https://boxd.it/2D2e
2025-02-01,Crash,2004,https://boxd.it/28q0
2025-02-01,Million Dollar Baby,2004,https://boxd.it/2bdI
2025-02-01,Rain Man,1988,https://boxd.it/2avw
2025-02-01,The Lobster,2015,https://boxd.it/7tnw
2025-02-01,Adaptation.,2002,https://boxd.it/26mA
2025-02-01,The Exterminating Angel,1962,https://boxd.it/1nRS
2025-02-01,Wild Tales,2014,https://boxd.it/7UmK
2025-02-01,A Pigeon Sat on a Branch Reflecting on Existence,2014,https://boxd.it/3Ifa
2025-02-01,Down by Law,1986,https://boxd.it/28CA
2025-02-01,Weekend,1967,https://boxd.it/20Ac
2025-02-01,The Ruling Class,1972,https://boxd.it/1km8
2025-02-01,Wild at Heart,1990,https://boxd.it/2aii
2025-02-01,Southland Tales,2006,https://boxd.it/23Uu
2025-02-02,How to Make Millions Before Grandma Dies,2024,https://boxd.it/FLa4
2025-02-02,Lost Ladies,2023,https://boxd.it/I0mS
2025-02-02,Tatami,2023,https://boxd.it/F0qE
2025-02-02,The Count of Monte Cristo,2024,https://boxd.it/F1Nk
2025-02-02,Memoir of a Snail,2024,https://boxd.it/EgX8
2025-02-02,Will & Harper,2024,https://boxd.it/K5eo
2025-02-02,The Greatest Night in Pop,2024,https://boxd.it/KANY
2025-02-02,Civil War,2024,https://boxd.it/z1jW
2025-02-02,Kinds of Kindness,2024,https://boxd.it/CWPw
2025-02-02,The Wedding Banquet,2025,https://boxd.it/MMxC
2025-02-02,Dìdi (弟弟),2024,https://boxd.it/HQOW
2025-02-02,The Young Girls of Rochefort,1967,https://boxd.it/26K8
2025-02-02,Cruel Intentions,1999,https://boxd.it/29Be
2025-02-02,When Harry Met Sally...,1989,https://boxd.it/29W2
2025-02-02,Ashes and Diamonds,1958,https://boxd.it/23q0
2025-02-02,The Odyssey,2026,https://boxd.it/QFQU
2025-02-02,Be My Baby,,https://boxd.it/sdrY
2025-02-03,The Vast of Night,2019,https://boxd.it/kJyc
2025-02-03,Atropia,2025,https://boxd.it/L5Km
2025-02-04,The Donut King,2020,https://boxd.it/p9l2
2025-02-05,Bram Stoker's Dracula,1992,https://boxd.it/223a
2025-02-06,Get Out,2017,https://boxd.it/eOCm
2025-02-06,Se7en,1995,https://boxd.it/29zs
2025-02-06,Nope,2022,https://boxd.it/sDCe
2025-02-06,Requiem for a Dream,2000,https://boxd.it/29VI
2025-02-06,Mustang,2015,https://boxd.it/baaw
2025-02-06,"One Sings, the Other Doesn't",1977,https://boxd.it/98s
2025-02-06,The Watermelon Woman,1996,https://boxd.it/RRc
2025-02-06,"This Is Not a Burial, It's a Resurrection",2019,https://boxd.it/mRiA
2025-02-06,Training Day,2001,https://boxd.it/27A4
2025-02-06,Chocolate Babies,1996,https://boxd.it/8FzG
2025-02-06,Bad Black,2016,https://boxd.it/d8gm
2025-02-06,Rye Lane,2023,https://boxd.it/DIyy
2025-02-07,Love Hurts,2025,https://boxd.it/KyBc
2025-02-07,In the Hand of Dante,2025,https://boxd.it/Czmc
2025-02-09,My Neighbor Totoro,1988,https://boxd.it/20eA
2025-02-10,Em & Selma Go Griffin Hunting,2025,https://boxd.it/RYx0
2025-02-13,Blue,1993,https://boxd.it/3iyA
2025-02-13,Red Beard,1965,https://boxd.it/251m
2025-02-13,A Clockwork Orange,1971,https://boxd.it/2aVE
2025-02-13,Stroszek,1977,https://boxd.it/1Td6
2025-02-13,Fallen Angels,1995,https://boxd.it/1UkW
2025-02-13,Phantom of the Paradise,1974,https://boxd.it/1s34
2025-02-13,Perfect Blue,1997,https://boxd.it/1W7A
2025-02-13,Django Unchained,2012,https://boxd.it/2cCk
2025-02-13,Her,2013,https://boxd.it/4O24
2025-02-13,It's Such a Beautiful Day,2012,https://boxd.it/hCY2
2025-02-13,Enter the Void,2009,https://boxd.it/1dy2
2025-02-13,Ammonite,2020,https://boxd.it/kQpQ
2025-02-13,The Color of Pomegranates,1969,https://boxd.it/1u94
2025-02-13,Interview with the Vampire,1994,https://boxd.it/29XO
2025-02-13,The 47 Ronin,1941,https://boxd.it/Ofu
2025-02-14,Dolemite Is My Name,2019,https://boxd.it/je6E
2025-02-14,White Men Can't Jump,1992,https://boxd.it/1WWy
2025-02-14,"The Adventures of Priscilla, Queen of the Desert",1994,https://boxd.it/26mg
2025-02-14,American Pie,1999,https://boxd.it/27qy
2025-02-14,Wayne's World 2,1993,https://boxd.it/1ZHw
2025-02-14,So I Married an Axe Murderer,1993,https://boxd.it/1WfO
2025-02-14,Vivre Sa Vie,1962,https://boxd.it/28s6
2025-02-14,Polytechnique,2009,https://boxd.it/1AMG
2025-02-15,Hamnet,2025,https://boxd.it/woVy
2025-02-15,Marty Supreme,2025,https://boxd.it/Off0
2025-02-15,After the Hunt,2025,https://boxd.it/Mdra
2025-02-15,Die My Love,2025,https://boxd.it/D5cI
2025-02-15,Léon: The Professional,1994,https://boxd.it/2b8S
2025-02-17,BLKNWS: Terms & Conditions,2025,https://boxd.it/z7UE
2025-02-17,All That's Left of You,2025,https://boxd.it/KiU8
2025-02-17,Cactus Pears,2025,https://boxd.it/NaeE
2025-02-17,Free Leonard Peltier,2025,https://boxd.it/RSF8
2025-02-17,If I Had Legs I'd Kick You,2025,https://boxd.it/HUtS
2025-02-17,Lurker,2025,https://boxd.it/McHG
2025-02-17,The Perfect Neighbor,2025,https://boxd.it/RSG6
2025-02-17,Prime Minister,2025,https://boxd.it/RSIc
2025-02-17,Ricky,2025,https://boxd.it/RSCy
2025-02-17,"Sorry, Baby",2025,https://boxd.it/JKNi
2025-02-17,Two Women,2025,https://boxd.it/EC6g
2025-02-17,Slut in a Good Way,2018,https://boxd.it/hY0e
2025-02-17,The Virgin of the Quarry Lake,2025,https://boxd.it/wAJ0
2025-02-17,Hands on a Hardbody: The Documentary,1997,https://boxd.it/1GDK
2025-02-17,Ravenous,1999,https://boxd.it/1WOa
2025-02-17,Summer of Sam,1999,https://boxd.it/1WE0
2025-02-17,Bicentennial Man,1999,https://boxd.it/2722
2025-02-17,Hairpin Circus,1972,https://boxd.it/6m4U
2025-02-18,Girlfriends,1978,https://boxd.it/3JYU
2025-02-18,Funny Girl,1968,https://boxd.it/1KR2
2025-02-18,Little Shop of Horrors,1986,https://boxd.it/1Vqm
2025-02-20,The Neon Demon,2016,https://boxd.it/9AnW
2025-02-20,Zodiac,2007,https://boxd.it/27MO
2025-02-20,The Girl with the Dragon Tattoo,2011,https://boxd.it/2Pa
2025-02-21,Mildred Pierce,1945,https://boxd.it/25uS
2025-02-26,Diana Vreeland: The Eye Has to Travel,2011,https://boxd.it/2THM
2025-02-26,Stray Dogs,2013,https://boxd.it/6gL4
2025-02-27,The Wages of Fear,1953,https://boxd.it/2aSK
2025-02-28,Polyester,1981,https://boxd.it/1Oq0
2025-02-28,Janet Planet,2023,https://boxd.it/DdWu
2025-03-01,Ida,2013,https://boxd.it/6fRg
2025-03-01,Hard to Be a God,2013,https://boxd.it/3Ido
2025-03-02,Hard Truths,2024,https://boxd.it/CiDq
2025-03-05,On Becoming a Guinea Fowl,2024,https://boxd.it/EXzS
2025-03-05,Dating the Enemy,1996,https://boxd.it/1KCc
2025-03-05,Righting Wrongs,1986,https://boxd.it/8NY
2025-03-05,In the Line of Duty 4,1989,https://boxd.it/134G
2025-03-05,Iron Angels,1987,https://boxd.it/1Ma
2025-03-05,She Shoots Straight,1990,https://boxd.it/Pvy
2025-03-05,Hard Boiled,1992,https://boxd.it/1T6a
2025-03-05,Paris Je T'aime,2006,https://boxd.it/273a
2025-03-05,Paris Is Burning,1990,https://boxd.it/1jzg
2025-03-05,Memento,2000,https://boxd.it/2bcK
2025-03-05,The Leopard,1963,https://boxd.it/296K
2025-03-07,Spider-Man: Beyond the Spider-Verse,2027,https://boxd.it/ykgU
2025-03-07,Dune: Part Three,2026,https://boxd.it/ImWe
2025-03-08,St Trinian's,2007,https://boxd.it/1VuI
2025-03-08,Soylent Green,1973,https://boxd.it/1SxE
2025-03-09,Best in Show,2000,https://boxd.it/1Pqq
2025-03-11,Gangs of New York,2002,https://boxd.it/25FG
2025-03-11,Tiny Furniture,2010,https://boxd.it/Kjs
2025-03-12,Calamity Jane,1953,https://boxd.it/1OJw
2025-03-12,10 Things I Hate About You,1999,https://boxd.it/23AO
2025-03-15,One Flew Over the Cuckoo's Nest,1975,https://boxd.it/2aeA
2025-03-15,"Jo Jo Dancer, Your Life Is Calling",1986,https://boxd.it/6Ma
2025-03-15,Addams Family Values,1993,https://boxd.it/26mq
2025-03-15,Barb Wire,1996,https://boxd.it/1STK
2025-03-15,Beautiful Darling,2010,https://boxd.it/6Glc
2025-03-15,Boyz n the Hood,1991,https://boxd.it/29Ug
2025-03-15,Chelsea Girls,1966,https://boxd.it/28iU
2025-03-15,Desperately Seeking Susan,1985,https://boxd.it/20xi
2025-03-15,8 Mile,2002,https://boxd.it/2bew
2025-03-15,Evita,1996,https://boxd.it/1ZOC
2025-03-15,The Eyes of Tammy Faye,2000,https://boxd.it/1LMM
2025-03-15,That Obscure Object of Desire,1977,https://boxd.it/22zg
2025-03-15,The Damned,1969,https://boxd.it/YiS
2025-03-15,The Umbrellas of Cherbourg,1964,https://boxd.it/22fK
2025-03-15,Donkey Skin,1970,https://boxd.it/22V2
2025-03-15,Lady Oscar,1979,https://boxd.it/1iQA
2025-03-15,I Knew Her Well,1965,https://boxd.it/ija
2025-03-15,Juliet of the Spirits,1965,https://boxd.it/1FF6
2025-03-15,Black Girl,1966,https://boxd.it/3jIQ
2025-03-15,Judas and the Black Messiah,2021,https://boxd.it/lsew
2025-03-15,The Ascent,1977,https://boxd.it/Eew
2025-03-16,Waves,2019,https://boxd.it/jpmy
2025-03-17,Uncle Boonmee Who Can Recall His Past Lives,2010,https://boxd.it/168Q
2025-03-17,The White Ribbon,2009,https://boxd.it/17eU
2025-03-17,Happy as Lazzaro,2018,https://boxd.it/hiVs
2025-03-17,One Million Yen Girl,2008,https://boxd.it/2h5K
2025-03-17,Tomboy,2011,https://boxd.it/49U
2025-03-18,Nightshift,1981,https://boxd.it/aBUO
2025-03-20,Jawbreaker,1999,https://boxd.it/1G7a
2025-03-21,France,2021,https://boxd.it/mdP0
2025-03-21,Embrace of the Serpent,2015,https://boxd.it/baba
2025-03-21,Rodrigo D. No Future,1990,https://boxd.it/5rjy
2025-03-21,Thoroughbreds,2017,https://boxd.it/dVHQ
2025-03-21,Beyond the Valley of the Dolls,1970,https://boxd.it/22GQ
2025-03-21,The Duke of Burgundy,2014,https://boxd.it/7kwu
2025-03-21,Prevenge,2016,https://boxd.it/dRpS
2025-03-21,XXY,2007,https://boxd.it/1Uwe
2025-03-21,Queen of Earth,2015,https://boxd.it/9y6Y
2025-03-21,Poison Ivy,1992,https://boxd.it/1Z7y
2025-03-21,The Lure,2015,https://boxd.it/d3mE
2025-03-21,"I'm a Cyborg, But That's OK",2006,https://boxd.it/2328
2025-03-21,Morvern Callar,2002,https://boxd.it/1GDU
2025-03-21,Valerie and Her Week of Wonders,1970,https://boxd.it/NsC
2025-03-21,Peeping Tom,1960,https://boxd.it/1Utk
2025-03-21,La Dolce Vita,1960,https://boxd.it/2anC
2025-03-21,The Holy Girl,2004,https://boxd.it/S12
2025-03-21,I Am Not a Witch,2017,https://boxd.it/g1yY
2025-03-21,Atlantics,2019,https://boxd.it/hVEK
2025-03-21,Suzhou River,2000,https://boxd.it/1Tsq
2025-03-21,The Wonders,2014,https://boxd.it/7Urq
2025-03-21,Ema,2019,https://boxd.it/jHWa
2025-03-21,Summertime,2015,https://boxd.it/8htk
2025-03-21,Tropical Malady,2004,https://boxd.it/1TCA
2025-03-21,Head-On,2004,https://boxd.it/2awk
2025-03-21,Miss ZOMBIE,2013,https://boxd.it/6zhs
2025-03-21,Snow,1981,https://boxd.it/5Yv8
2025-03-21,Je Tu Il Elle,1974,https://boxd.it/3gWK
2025-03-21,Wadjda,2012,https://boxd.it/4drw
2025-03-21,Portrait of Jason,1967,https://boxd.it/2Vaq
2025-03-21,3 Women,1977,https://boxd.it/YPs
2025-03-22,Fresh,2022,https://boxd.it/tCNi
2025-03-22,The Assessment,2024,https://boxd.it/Ogf6
2025-03-22,The Actor,2025,https://boxd.it/u7DI
2025-03-22,Secret Mall Apartment,2024,https://boxd.it/L2S8
2025-03-22,Safe,1995,https://boxd.it/1gKU
2025-03-22,"Salò, or the 120 Days of Sodom",1975,https://boxd.it/237s
2025-03-23,The Adventures of Baron Munchausen,1988,https://boxd.it/1NXs
2025-03-23,The Cameraman,1928,https://boxd.it/1jag
2025-03-23,The X from Outer Space,1967,https://boxd.it/Wdm
2025-03-23,Ellie Parker,2005,https://boxd.it/1JYw
2025-03-23,Always for Pleasure,1978,https://boxd.it/32bK
2025-03-23,Gap-Toothed Women,1987,https://boxd.it/4Qyw
2025-03-25,Starrbooty,2007,https://boxd.it/Ybi
2025-03-25,Trixie Mattel: Moving Parts,2019,https://boxd.it/lGVu
2025-03-25,Hurricane Bianca,2016,https://boxd.it/e3Jg
2025-03-25,Catwalk,1995,https://boxd.it/39H4
2025-03-25,Susanne Bartsch: On Top,2017,https://boxd.it/gfAu
2025-03-27,The Fifth Element,1997,https://boxd.it/71k
2025-03-28,Girl 6,1996,https://boxd.it/cXS
2025-03-28,Mars Attacks!,1996,https://boxd.it/2bd4
2025-03-28,Contact,1997,https://boxd.it/29OM
2025-03-31,The Wolf House,2018,https://boxd.it/i1vE
2025-04-01,Death on the Nile,1978,https://boxd.it/24I0
2025-04-02,Lolita,1962,https://boxd.it/29Ag
2025-04-02,The Fisher King,1991,https://boxd.it/2aWM
2025-04-02,Me and You and Everyone We Know,2005,https://boxd.it/28RK
2025-04-02,Fast Times at Ridgemont High,1982,https://boxd.it/1QnM
2025-04-02,Local Hero,1983,https://boxd.it/1Uiw
2025-04-02,Touki Bouki,1973,https://boxd.it/2H44
2025-04-02,Satyricon,1969,https://boxd.it/1UtY
2025-04-02,Metropolitan,1990,https://boxd.it/1Mku
2025-04-02,Help!,1965,https://boxd.it/1NiE
2025-04-02,Valley of the Dolls,1967,https://boxd.it/25QY
2025-04-02,The Beast,2023,https://boxd.it/yqmk
2025-04-02,Masculin Féminin,1966,https://boxd.it/23UY
2025-04-02,Repo Man,1984,https://boxd.it/1Plg
2025-04-02,The Man Who Fell to Earth,1976,https://boxd.it/298w
2025-04-02,Godland,2022,https://boxd.it/Ag9E
2025-04-02,Love & Basketball,2000,https://boxd.it/1Nu6
2025-04-02,2 or 3 Things I Know About Her,1967,https://boxd.it/20Am
2025-04-02,Varda by Agnès,2019,https://boxd.it/kihS
2025-04-02,Swept Away,1974,https://boxd.it/17cY
2025-04-02,Marriage Story,2019,https://boxd.it/hJAw
2025-04-02,Halloween,1978,https://boxd.it/2wRu
2025-04-02,Harakiri,1962,https://boxd.it/1NTU
2025-04-02,Farewell My Concubine,1993,https://boxd.it/1UTM
2025-04-02,Buena Vista Social Club,1999,https://boxd.it/1T6E
2025-04-02,Mississippi Masala,1991,https://boxd.it/Ywg
2025-04-02,Sweet Sweetback's Baadasssss Song,1971,https://boxd.it/22xa
2025-04-02,Rosemary's Baby,1968,https://boxd.it/29zM
2025-04-02,Okja,2017,https://boxd.it/dvXe
2025-04-02,Twin Peaks: Fire Walk with Me,1992,https://boxd.it/27Qw
2025-04-02,Annie Hall,1977,https://boxd.it/29M2
2025-04-02,RoboCop,1987,https://boxd.it/22Wu
2025-04-02,Tootsie,1982,https://boxd.it/1YkG
2025-04-02,L'Avventura,1960,https://boxd.it/23hs
2025-04-03,The Hours,2002,https://boxd.it/2a3s
2025-04-03,Stromboli,1950,https://boxd.it/24Js
2025-04-03,Ingrid Bergman: In Her Own Words,2015,https://boxd.it/blFq
2025-04-03,Intermezzo,1936,https://boxd.it/48ji
2025-04-04,The Star Wars Holiday Special,1978,https://boxd.it/2yMw
2025-04-04,The Battle of Algiers,1966,https://boxd.it/1IRY
2025-04-05,SLY LIVES! (aka The Burden of Black Genius),2025,https://boxd.it/vYGs
2025-04-06,On the Silver Globe,1988,https://boxd.it/1sAM
2025-04-06,Fatal Instinct,1993,https://boxd.it/1uuc
2025-04-07,Yankee Doodle Dandy,1942,https://boxd.it/25LO
2025-04-07,One from the Heart,1982,https://boxd.it/ZJq
2025-04-07,Altered States,1980,https://boxd.it/1TBi
2025-04-07,Rashomon,1950,https://boxd.it/2a9K
2025-04-07,Cutie Honey,2004,https://boxd.it/1CHe
2025-04-07,The Birds,1963,https://boxd.it/2a6m
2025-04-08,The Italian Job,2003,https://boxd.it/1Y86
2025-04-08,Higher Learning,1995,https://boxd.it/1Kps
2025-04-09,La Chinoise,1967,https://boxd.it/28rC
2025-04-11,Eddington,2025,https://boxd.it/o6MC
2025-04-11,The Secret Agent,2025,https://boxd.it/KkUE
2025-04-12,Happiness,1998,https://boxd.it/1VEe
2025-04-12,The Company of Strangers,1990,https://boxd.it/44PO
2025-04-12,Miracle Mile,1988,https://boxd.it/1x68
2025-04-12,Early Spring,1956,https://boxd.it/1DkA
2025-04-12,Tokyo Twilight,1957,https://boxd.it/sq6
2025-04-12,Equinox Flower,1958,https://boxd.it/2lkY
2025-04-12,Late Autumn,1960,https://boxd.it/1Bf4
2025-04-12,The End of Summer,1961,https://boxd.it/2lkO
2025-04-12,Saint Omer,2022,https://boxd.it/yShC
2025-04-12,Oedipus Rex,1967,https://boxd.it/WgK
2025-04-13,Joan of Arc,1948,https://boxd.it/UsY
2025-04-13,Titanic,1997,https://boxd.it/2a2k
2025-04-14,Holiday,1938,https://boxd.it/1Ks2
2025-04-16,Leave One Day,2025,https://boxd.it/MK6k
2025-04-17,Muriel's Wedding,1994,https://boxd.it/2aO4
2025-04-18,Earth Girls Are Easy,1988,https://boxd.it/27bI
2025-04-18,The City of Lost Children,1995,https://boxd.it/29k8
2025-04-18,The Master and Margarita,2024,https://boxd.it/lzAu
2025-04-20,The Hustler,1961,https://boxd.it/298G
2025-04-20,Song of the Sea,2014,https://boxd.it/3Ic6
2025-04-20,Departures,2008,https://boxd.it/1JFa
2025-04-21,Parade,1974,https://boxd.it/jSq
2025-04-21,The Last Days of Disco,1998,https://boxd.it/1JpQ
2025-04-21,The Naked Kiss,1964,https://boxd.it/1uBW
2025-04-21,The Misfits,1961,https://boxd.it/1TCg
2025-04-21,Love in the Afternoon,1957,https://boxd.it/1HcK
2025-04-21,Diabolique,1955,https://boxd.it/29we
2025-04-24,Vanilla Sky,2001,https://boxd.it/27TK
2025-04-27,"His Motorbike, Her Island",1986,https://boxd.it/9uk8
2025-04-29,La Jetée,1962,https://boxd.it/29Sk
2025-04-29,Letter from Siberia,1957,https://boxd.it/4d3u
2025-04-29,Report on Brazil: Carlos Marighella,1970,https://boxd.it/hlmq
2025-04-29,Disobedience,2017,https://boxd.it/ePFG
2025-04-30,She-Man: A Story of Fixation,1967,https://boxd.it/4VqC
2025-04-30,The Fly,1986,https://boxd.it/1YIe
2025-04-30,Hookers on Davie,1984,https://boxd.it/5wAE
2025-05-02,Superbad,2007,https://boxd.it/20hO
2025-05-02,Lynch/Oz,2022,https://boxd.it/ArIK
2025-05-02,The Joy Luck Club,1993,https://boxd.it/1ElY
2025-05-02,"What's Up, Doc?",1972,https://boxd.it/21iy
2025-05-02,Pather Panchali,1955,https://boxd.it/22yC
2025-05-03,Maps to the Stars,2014,https://boxd.it/4WCu
2025-05-03,Jailhouse Rock,1957,https://boxd.it/1LI6
2025-05-03,Fake Fruit Factory,1986,https://boxd.it/4KZc
2025-05-05,To Kill a Mockingbird,1962,https://boxd.it/2a2E
2025-05-05,Spellbound,1945,https://boxd.it/24Ji
2025-05-07,Modesty Blaise,1966,https://boxd.it/1a8U
2025-05-09,Red Rooms,2023,https://boxd.it/ym4c
2025-05-10,The Story of Adèle H.,1975,https://boxd.it/284I
2025-05-11,Blue Valentine,2010,https://boxd.it/MxG
2025-05-13,How to Marry a Millionaire,1953,https://boxd.it/1WBq
2025-05-17,Compensation,1999,https://boxd.it/cDVy
2025-05-23,Stage Fright,1950,https://boxd.it/27Is
2025-05-28,Young Soul Rebels,1991,https://boxd.it/1ikY
2025-06-03,The Beach,2000,https://boxd.it/27T6
2025-06-06,The Bloodiest,2005,https://boxd.it/77Ru
2025-07-02,Manas,2024,https://boxd.it/LPz0
2025-07-02,Chuck Billy and The Marvelous Guava Tree,2024,https://boxd.it/zhi6
2025-07-02,Same Old West,2024,https://boxd.it/OapE
2025-07-02,Southern Chronicles,2024,https://boxd.it/LGXW
2025-07-02,Tourist Family,2025,https://boxd.it/RNEO
2025-07-02,Deaf,2025,https://boxd.it/NKko
2025-07-02,Seeking Haven for Mr. Rambo,2024,https://boxd.it/InL2
2025-07-02,The Ballad of Wallis Island,2025,https://boxd.it/GqT0
2025-07-02,"Sheba, Baby",1975,https://boxd.it/1dRo
2025-07-04,Babylon,1980,https://boxd.it/nyk
2025-07-04,A Separation,2011,https://boxd.it/gvo
2025-07-04,A Prophet,2009,https://boxd.it/1BGE
2025-07-04,A Serious Man,2009,https://boxd.it/1RFW
2025-07-04,Pina,2011,https://boxd.it/n5W
2025-07-04,Querelle,1982,https://boxd.it/XEy
2025-07-04,Broadcast News,1987,https://boxd.it/1RxS
2025-07-04,Monterey Pop,1968,https://boxd.it/WpC
2025-07-04,LA 92,2017,https://boxd.it/g4Ca
2025-07-05,The Seventh Seal,1957,https://boxd.it/2ahO
2025-07-06,The Queen,1968,https://boxd.it/Wnc
2025-07-06,Born in Flames,1983,https://boxd.it/19IC
2025-07-06,Mutantes: Punk Porn Feminism,2009,https://boxd.it/58TC
2025-07-12,The Panic in Needle Park,1971,https://boxd.it/1rwu
2025-07-25,Show Me Love,1998,https://boxd.it/1TmW
2025-07-28,"Quo Vadis, Aida?",2020,https://boxd.it/riws
2025-07-29,Caught by the Tides,2024,https://boxd.it/GZ4Q
2025-07-30,Scarface,1983,https://boxd.it/2b7g
2025-08-04,A Girl Walks Home Alone at Night,2014,https://boxd.it/7nZE
2025-08-10,The Women,1939,https://boxd.it/1AuM
2025-08-13,My Own Private Idaho,1991,https://boxd.it/2ak4
2025-08-18,Postman Blues,1997,https://boxd.it/1b3m
2025-08-27,Good Time,2017,https://boxd.it/fcFu
2025-08-28,Joe's Bed-Stuy Barbershop: We Cut Heads,1983,https://boxd.it/43aq
2025-08-28,She's Gotta Have It,1986,https://boxd.it/1quC
2025-08-28,School Daze,1988,https://boxd.it/19Vw
2025-08-28,It's Alive III: Island of the Alive,1987,https://boxd.it/Fsu
2025-09-01,Freaky Tales,2024,https://boxd.it/B0MC
2025-09-08,Once,2007,https://boxd.it/22GG
2025-09-16,Grand Theft Hamlet,2024,https://boxd.it/KUyE
2025-09-16,The Limey,1999,https://boxd.it/1Woc
2025-09-16,The American,2010,https://boxd.it/dSE
2025-09-16,Tokyo!,2008,https://boxd.it/1ZxG
2025-09-28,The Full Monty,1997,https://boxd.it/1YI4
2025-09-28,Theater Camp,2023,https://boxd.it/Bfbm
2025-09-28,Eternal Sunshine of the Spotless Mind,2004,https://boxd.it/6YK
2025-09-30,Erupcja,2025,https://boxd.it/PHcq
2025-09-30,Cries and Whispers,1972,https://boxd.it/1WK8
2025-10-02,Pineapple Express,2008,https://boxd.it/1WRS
2025-10-04,The Color of Money,1986,https://boxd.it/1SSM
2025-10-06,The Bride!,2026,https://boxd.it/HSw6
2025-10-06,Twinless,2025,https://boxd.it/LkKc
2025-10-08,Society,1989,https://boxd.it/1ARc
2025-10-11,War of the Worlds,2025,https://boxd.it/so0a
2025-10-13,HIM,2025,https://boxd.it/BfYI
2025-10-15,Spectre,2015,https://boxd.it/6bXY
2025-10-15,No Time to Die,2021,https://boxd.it/cPX2
2025-10-15,The Bourne Identity,2002,https://boxd.it/26EO
2025-10-18,Run Lola Run,1998,https://boxd.it/2b8o
2025-10-18,Dredd,2012,https://boxd.it/GZE
2025-10-20,"Ebirah, Horror of the Deep",1966,https://boxd.it/25Hs
2025-10-20,Knife+Heart,2018,https://boxd.it/h5ko
2025-10-20,Blue My Mind,2017,https://boxd.it/ghj6
2025-10-20,Matador,1986,https://boxd.it/20EI
2025-10-20,The Great Beauty,2013,https://boxd.it/5ty6
2025-10-20,"Welcome, or No Trespassing",1964,https://boxd.it/1CL6
2025-10-20,Tokyo Story,1953,https://boxd.it/1HuY
2025-10-20,Burning,2018,https://boxd.it/hHUa
2025-10-20,Hiroshima Mon Amour,1959,https://boxd.it/22WY
2025-10-20,World on a Wire,1973,https://boxd.it/B9me
2025-10-20,Open Your Eyes,1997,https://boxd.it/27TU
2025-10-20,Rififi,1955,https://boxd.it/29f8
2025-10-20,Kung Fu Hustle,2004,https://boxd.it/1YBi
2025-10-20,Headhunters,2011,https://boxd.it/2sWA
2025-10-20,The Silent Partner,1978,https://boxd.it/1vZq
2025-10-20,Stage Fright,1987,https://boxd.it/1Drm
2025-10-20,Sonatine,1993,https://boxd.it/20TI
2025-10-20,The Skin I Live In,2011,https://boxd.it/99A
2025-10-20,Don't Look Now,1973,https://boxd.it/29fC
2025-10-20,Alphaville,1965,https://boxd.it/20AG
2025-10-20,TÁR,2022,https://boxd.it/uNIA
2025-10-20,Titane,2021,https://boxd.it/nlQC
2025-10-20,Real Women Have Curves,2002,https://boxd.it/1lBI
2025-10-20,Linda Linda Linda,2005,https://boxd.it/1s1C
2025-10-20,"4 Months, 3 Weeks and 2 Days",2007,https://boxd.it/27DW
2025-10-20,Shakedown,2018,https://boxd.it/atPc
2025-10-20,Fascination,1979,https://boxd.it/1ncU
2025-10-23,Fucktoys,2025,https://boxd.it/SBU8
2025-10-23,Floating Weeds,1959,https://boxd.it/LZu
2025-10-23,Satantango,1994,https://boxd.it/1j9M
2025-10-23,Bicycle Thieves,1948,https://boxd.it/23hW
2025-10-23,It's a Wonderful Life,1946,https://boxd.it/28xA
2025-10-23,Children of Men,2006,https://boxd.it/1Y2i
2025-10-23,Neon Genesis Evangelion: The End of Evangelion,1997,https://boxd.it/1GRM
2025-10-23,Swing Girls,2004,https://boxd.it/1ag0
2025-10-23,A Fistful of Dollars,1964,https://boxd.it/2auo
2025-10-23,Drive,2011,https://boxd.it/IG
2025-10-23,Butch Cassidy and the Sundance Kid,1969,https://boxd.it/29Vy
2025-10-23,Mishima: A Life in Four Chapters,1985,https://boxd.it/1sBA
2025-10-25,KPop Demon Hunters,2025,https://boxd.it/ufwK
2025-10-25,Honey Don't!,2025,https://boxd.it/Hurc
2025-10-25,The Amateur,2025,https://boxd.it/F9NW
2025-10-25,Attack the Block,2011,https://boxd.it/hFO
2025-10-25,Inside Man,2006,https://boxd.it/2auS
2025-10-26,A House of Dynamite,2025,https://boxd.it/NcXc
2025-10-26,Flow,2024,https://boxd.it/v1Ei
2025-10-26,Dawn of the Dead,1978,https://boxd.it/29gU
2025-10-26,Paths of Glory,1957,https://boxd.it/29b6
2025-10-26,Das Boot,1981,https://boxd.it/2av2
2025-10-26,Once Upon a Time in America,1984,https://boxd.it/2aCs
2025-10-26,Le Trou,1960,https://boxd.it/1nSw
2025-10-26,I Am Cuba,1964,https://boxd.it/1hUQ
2025-10-27,Shivers,1975,https://boxd.it/1rPG
2025-10-27,Mona Lisa and the Blood Moon,2021,https://boxd.it/iXY0
2025-10-27,Sideways,2004,https://boxd.it/1Y5c
2025-10-30,Tron,1982,https://boxd.it/2b9w
2025-10-31,Desperate Living,1977,https://boxd.it/1Or8
2025-10-31,Ballad of a Small Player,2025,https://boxd.it/MuZ4
2025-11-01,Point Break,1991,https://boxd.it/2958
2025-11-01,Joy,2015,https://boxd.it/8kEU
2025-11-01,The Thomas Crown Affair,1999,https://boxd.it/29im
2025-11-01,Jay Kelly,2025,https://boxd.it/EsWw
2025-11-03,Killer Klowns from Outer Space,1988,https://boxd.it/1Kpi
2025-11-03,Rotting in the Sun,2023,https://boxd.it/E37y
2025-11-03,Much Ado About Nothing,1993,https://boxd.it/1SDM
2025-11-03,X2,2003,https://boxd.it/1a7i
2025-11-05,They Live,1988,https://boxd.it/20lm
2025-11-05,Young Mothers,2025,https://boxd.it/LclI
2025-11-06,Put Your Soul on Your Hand and Walk,2025,https://boxd.it/UkDe
2025-11-07,The Gentlemen,2019,https://boxd.it/iYBQ
2025-11-08,Dry Leaf,2025,https://boxd.it/E2lO
2025-11-12,The Voice of Hind Rajab,2025,https://boxd.it/UXdO
2025-11-19,Night Moves,2013,https://boxd.it/4WFe
2025-11-22,Hunting Emma,2017,https://boxd.it/fP7w
2025-11-22,The Lives of Others,2006,https://boxd.it/2a4A
2025-11-24,Your Name.,2016,https://boxd.it/cUqs
2025-11-25,A Knight's Tale,2001,https://boxd.it/1YAk
2025-11-25,"Hi, Mom!",1970,https://boxd.it/Wwy
2025-11-25,Koyaanisqatsi,1982,https://boxd.it/1U9E
2025-11-25,Pink Floyd: The Wall,1982,https://boxd.it/1Sxk
2025-11-27,Stoker,2013,https://boxd.it/34S2
2025-11-29,Angel's Egg,1985,https://boxd.it/1LeA
2025-12-07,Magic Mike,2012,https://boxd.it/2HvY
2025-12-07,Magic Mike XXL,2015,https://boxd.it/7TTS
2025-12-07,Roma,1972,https://boxd.it/1UNO
2025-12-07,Wise Blood,1979,https://boxd.it/Xxs
2025-12-07,Trafic,1971,https://boxd.it/1TZu
2025-12-08,Pillion,2025,https://boxd.it/N6Pw
2025-12-11,2012,2009,https://boxd.it/1OE2
2025-12-11,Spanish Affair,2014,https://boxd.it/6YjI
2025-12-15,Empire of the Sun,1987,https://boxd.it/1X4i
2025-12-15,Doctor Sleep,2019,https://boxd.it/i5vI
2025-12-17,May,2002,https://boxd.it/1V8M
2025-12-17,Domino,2005,https://boxd.it/1Xw2
2025-12-17,Tank Girl,1995,https://boxd.it/1Zfs
2025-12-17,Set It Off,1996,https://boxd.it/1YMg
2025-12-17,Sugar & Spice,2001,https://boxd.it/1JKa
2025-12-17,Victoria,2015,https://boxd.it/amSe
2025-12-17,Eden,2014,https://boxd.it/8KNo
2025-12-17,The Matrix Reloaded,2003,https://boxd.it/2a1c
2025-12-17,Sirāt,2025,https://boxd.it/HxJo
2025-12-17,Shaolin Soccer,2001,https://boxd.it/1T86
2025-12-17,Redline,2009,https://boxd.it/2pQ0
2025-12-18,"Bell, Book and Candle",1958,https://boxd.it/27Eq
2025-12-25,The Chronology of Water,2025,https://boxd.it/j3pq
2025-12-25,Left-Handed Girl,2025,https://boxd.it/BLDW
2025-12-25,Sound of Falling,2025,https://boxd.it/Km9K
2025-12-25,Shoplifters,2018,https://boxd.it/ifY6
2025-12-25,F1,2025,https://boxd.it/yjVM
2025-12-25,Weapons,2025,https://boxd.it/EMTM
2025-12-25,Train Dreams,2025,https://boxd.it/LdDo
2025-12-25,Blue Moon,2025,https://boxd.it/Nzwy
2025-12-25,The President's Cake,2025,https://boxd.it/UhSA
2025-12-25,Caramel,2007,https://boxd.it/20Jo
2026-01-02,Sicario,2015,https://boxd.it/8i7u
2026-01-05,The Girl Who Leapt Through Time,1983,https://boxd.it/bpK
2026-01-06,The Moment,2026,https://boxd.it/SCkg
2026-01-06,Bucking Fastard,,https://boxd.it/ST8Q
2026-01-06,The Drama,2026,https://boxd.it/OA2w
2026-01-06,Digger,2026,https://boxd.it/LwDC
2026-01-10,High Anxiety,1977,https://boxd.it/1RLK
2026-01-13,Arrival,2016,https://boxd.it/aNGk
2026-01-18,Sundays,2025,https://boxd.it/TqIW
2026-01-18,Dick,1999,https://boxd.it/1KaC
2026-01-19,The Fits,2015,https://boxd.it/cacO
2026-01-19,Once Upon a Time in Uganda,2021,https://boxd.it/pd40
2026-01-23,Kit Kat,1991,https://boxd.it/2czg
2026-01-23,Land of Fear,2000,https://boxd.it/3wqg
2026-01-23,El Keif,1985,https://boxd.it/60zw
2026-01-23,"Oh, Sun",1970,https://boxd.it/5TR4
2026-01-23,Four Daughters,2023,https://boxd.it/ErTw
